-- phpMyAdmin SQL Dump
-- version 5.2.0
-- https://www.phpmyadmin.net/
--
-- Host: localhost:3306
-- Waktu pembuatan: 27 Bulan Mei 2024 pada 05.09
-- Versi server: 8.0.30
-- Versi PHP: 8.1.10

CREATE DATABASE IF NOT EXISTS sistem_akademik;
USE sistem_akademik;

/*!40101 SET @OLD_CHARACTER_SET_CLIENT=@@CHARACTER_SET_CLIENT */;
/*!40101 SET @OLD_CHARACTER_SET_RESULTS=@@CHARACTER_SET_RESULTS */;
/*!40101 SET @OLD_COLLATION_CONNECTION=@@COLLATION_CONNECTION */;
/*!40101 SET NAMES utf8mb4 */;

--
-- Database: sistem_akademik
--

-- --------------------------------------------------------

--
-- Struktur dari tabel guru
--

CREATE TABLE guru (
  nip char(20) NOT NULL,
  nama_guru varchar(50) NOT NULL,
  email_guru varchar(50) NOT NULL
);

--
-- Dumping data untuk tabel guru
--

INSERT INTO guru (nip, nama_guru, email_guru) VALUES
('410708140061', 'Isa Albanna, S.Si., M.Si.', 'isaalbana@gmail.com'),
('410809110039', 'Ruli Utami, S.Kom., M,Kom.', 'ruliutami@gmail.com'),
('411109120048', 'Rachman Arief, S.Kom., M.Kom.', 'rachmanarief@gmail.com'),
('411112000026', 'Sulistyowati, S.T., M.Kom.', 'sulistyowati@gmail.com'),
('411802190128', 'Adib Pakarbudi, S.Kom., M.Kom.', 'adibpakarbudi@gmail.com'),
('412105180115', 'Anwar Sodik, S.KOm., M.T.', 'anwarsodik@gmail.com'),
('412410110042', 'Shah Khadafi, S.Kom., M,Kom.', 'shahkhadafi@gmail.com'),
('412906980019', 'Budanis Dwi Meilani, S.T., M.Kom.', 'budanisdwi@gmail.com');

-- --------------------------------------------------------

--
-- Struktur dari tabel kelas
--

CREATE TABLE kelas (
  nama_kelas varchar(20) NOT NULL,
  nip char(20) NOT NULL,
  jumlah_siswa int NOT NULL
);

--
-- Dumping data untuk tabel kelas
--

INSERT INTO kelas (nama_kelas, nip, jumlah_siswa) VALUES
('10 Ipa 1', '412906980019', 30),
('10 Ipa 2', '411112000026', 32),
('10 Ips 1', '410809110039', 31),
('10 Ips 2', '412410110042', 30),
('12 Ipa 1', '123', 30);

-- --------------------------------------------------------

--
-- Struktur dari tabel pelajaran
--

CREATE TABLE pelajaran (
  kode_pelajaran char(10) NOT NULL,
  nama_pelajaran varchar(50) NOT NULL,
  sks int NOT NULL,
  nip char(20) NOT NULL
);

--
-- Dumping data untuk tabel pelajaran
--

INSERT INTO pelajaran (kode_pelajaran, nama_pelajaran, sks, nip) VALUES
('PLJ10001', 'Matematika 10', 3, '412906980019'),
('PLJ10002', 'Bahasa Indonesia 10', 2, '411112000026'),
('PLJ11001', 'Matematika 11', 3, '410809110039'),
('PLJ11002', 'Bahasa Indonesia 10', 2, '412410110042'),
('PLJ12001', 'Matematika 12', 3, '411109120048'),
('PLJ12002', 'Bahasa Indonesia 10', 2, '410708140061');

-- --------------------------------------------------------

--
-- Struktur dari tabel siswa
--

CREATE TABLE siswa (
  nisn char(10) NOT NULL,
  nama_siswa varchar(50) NOT NULL,
  jenis_kelamin char(1) NOT NULL,
  kota varchar(50) NOT NULL,
  tanggal_lahir date NOT NULL,
  telp_ortu varchar(20) NOT NULL
);

--
-- Dumping data untuk tabel siswa
--

INSERT INTO siswa (nisn, nama_siswa, jenis_kelamin, kota, tanggal_lahir, telp_ortu) VALUES
('201617', 'Tantri Nuraini', 'L', 'Jayapura', '1971-01-28', '0867 9824 665'),
('205240', 'Ilsa Ghaliyati Nasyidah', 'L', 'Dumai', '2007-01-14', '0878 9330 3628'),
('206772', 'Rachel Usada', 'P', 'Padangpanjang', '1975-08-25', '0729 0277 8445'),
('207710', 'Lili Calista Lailasari', 'L', 'Padang', '2019-07-14', '025 6257 9551'),
('208179', 'Lintang Fujiati S.Psi', 'P', 'Malang', '1991-10-24', '0243 3335 859'),
('208462', 'Ellis Rahmi Lailasari', 'P', 'Pasuruan', '1978-11-26', '(+62) 23 6692 2878'),
('208644', 'Kasusra Adriansyah', 'L', 'Probolinggo', '2002-05-20', '0293 5899 970'),
('209541', 'Rizki Najmudin', 'L', 'Banjarmasin', '2020-11-27', '023 6130 9803'),
('209671', 'Maimunah Hilda Rahmawati S.Psi', 'L', 'Samarinda', '2006-01-14', '(+62) 536 9155 0900'),
('210499', 'Wani Tami Widiastuti', 'P', 'Padang', '1993-02-11', '0750 7456 742'),
('210813', 'Puji Suartini', 'P', 'Tarakan', '2020-12-15', '(+62) 805 6469 619'),
('211521', 'Hamzah Gunawan', 'P', 'Tanjungbalai', '2018-12-27', '(+62) 578 2030 678'),
('211533', 'Lukita Waluyo', 'L', 'Gunungsitoli', '2009-05-01', '0360 0231 5026'),
('211681', 'Tania Pudjiastuti', 'P', 'Tasikmalaya', '2009-10-27', '(+62) 654 8639 3104'),
('214303', 'Indah Purnawati M.M.', 'L', 'Pontianak', '2019-01-15', '(+62) 338 7271 838'),
('215235', 'Paulin Ghaliyati Susanti S.E.', 'L', 'Pematangsiantar', '1972-05-04', '(+62) 787 2120 3390'),
('216076', 'Saadat Pangestu Prakasa', 'L', 'Banjar', '1999-05-05', '025 1955 0492'),
('216773', 'Galih Sirait', 'L', 'Probolinggo', '1978-03-13', '(+62) 674 5089 934'),
('217227', 'Iriana Nasyiah', 'L', 'Kendari', '1991-03-11', '(+62) 386 9744 833'),
('217587', 'Hana Hilda Wastuti S.Pd', 'P', 'Administrasi Jakarta Timur', '2009-01-20', '0932 4160 2696'),
('218189', 'Kayun Hakim', 'P', 'Gunungsitoli', '2014-12-06', '0347 0987 905'),
('219380', 'Umi Lestari', 'L', 'Probolinggo', '2018-12-06', '0762 0430 2959'),
('220543', 'Bakiadi Dabukke', 'P', 'Bandar Lampung', '1981-05-16', '(+62) 20 7695 7556'),
('221459', 'Halim Pratama S.E.', 'P', 'Banjarmasin', '2023-01-25', '0278 6290 373'),
('221528', 'Jane Lailasari', 'P', 'Tangerang', '1998-06-26', '0800 1439 8326'),
('223294', 'Yunita Wahyuni', 'L', 'Binjai', '2002-12-21', '0386 5290 0467'),
('225098', 'Gading Hutagalung', 'P', 'Administrasi Jakarta Barat', '1991-10-17', '(+62) 303 5616 6215'),
('225411', 'Marwata Hardiansyah', 'P', 'Kediri', '1986-05-17', '(+62) 22 4396 949'),
('226469', 'Harsaya Nainggolan', 'L', 'Bengkulu', '2018-11-10', '0840 3573 479'),
('226969', 'Damu Hutasoit', 'P', 'Banjarbaru', '1997-12-03', '0942 1549 222'),
('228589', 'Karsa Nugroho S.E.', 'L', 'Ambon', '1976-12-20', '028 4193 0521'),
('229547', 'Cakrawangsa Ibrani Januar', 'P', 'Administrasi Jakarta Pusat', '1988-09-18', '(+62) 774 5222 361'),
('230837', 'Oliva Hassanah', 'L', 'Tangerang', '1975-07-28', '0205 5488 6934'),
('231519', 'Okta Karja Saefullah', 'P', 'Gorontalo', '2022-10-20', '0444 0064 1261'),
('232447', 'Fitria Puspasari M.Kom.', 'L', 'Palopo', '2009-03-02', '(+62) 26 6836 251'),
('233273', 'Karimah Suryatmi', 'P', 'Administrasi Jakarta Selatan', '2017-06-24', '(+62) 368 8810 5983'),
('233357', 'Bakda Firgantoro', 'L', 'Bitung', '1996-05-21', '0794 2357 385'),
('233694', 'Azalea Purwanti', 'L', 'Jambi', '1990-09-07', '0894 1938 1716'),
('233808', 'Lutfan Wibisono', 'L', 'Pekanbaru', '1984-09-08', '0228 2668 9026'),
('234657', 'Ozy Wacana', 'P', 'Bengkulu', '1996-03-06', '(+62) 246 1621 8111'),
('235415', 'Chandra Mansur', 'P', 'Tanjung Pinang', '2016-04-09', '(+62) 518 0511 758'),
('235449', 'Jamalia Wahyuni', 'L', 'Banjar', '2010-04-30', '(+62) 259 7276 256'),
('235552', 'Queen Wulan Usada', 'L', 'Tanjungbalai', '2012-12-12', '(+62) 679 3042 8585'),
('235635', 'Eko Siregar', 'P', 'Gunungsitoli', '1972-09-05', '(+62) 798 2396 562'),
('237270', 'Jati Nashiruddin', 'P', 'Cirebon', '1981-02-09', '0720 6073 2943'),
('238670', 'Dono Maheswara', 'P', 'Batam', '2022-09-09', '(+62) 905 9499 0498'),
('239507', 'Nardi Mahesa Jailani', 'L', 'Pariaman', '2011-11-28', '0424 7870 2981'),
('240325', 'Harto Indra Setiawan S.Pd', 'L', 'Samarinda', '2002-12-14', '0642 0419 296'),
('240611', 'Sari Winarsih', 'P', 'Magelang', '1975-02-13', '023 6811 4232'),
('241337', 'Humaira Rahayu', 'P', 'Pangkal Pinang', '1981-11-16', '023 8523 3618'),
('243146', 'Opung Carub Kuswoyo', 'L', 'Lubuklinggau', '2016-12-22', '0622 0445 0404'),
('244006', 'Darmanto Winarno', 'L', 'Administrasi Jakarta Timur', '2019-04-09', '(+62) 298 5886 2496'),
('244507', 'Asmuni Sihombing', 'L', 'Dumai', '1977-02-10', '(+62) 484 0137 3924'),
('244709', 'Rika Farida', 'P', 'Tomohon', '1973-10-09', '0403 6002 5825'),
('245308', 'Laras Hariyah S.I.Kom', 'P', 'Tarakan', '1977-08-27', '0956 4961 0906'),
('245655', 'Praba Tirtayasa Nainggolan', 'L', 'Tarakan', '1973-11-24', '(+62) 843 074 267'),
('245697', 'Ilsa Hartati', 'P', 'Lubuklinggau', '1971-08-29', '(+62) 828 1754 2622'),
('245757', 'Dimaz Sitompul', 'P', 'Sibolga', '1989-04-08', '(+62) 321 0533 3577'),
('246467', 'Catur Adikara Napitupulu', 'L', 'Kotamobagu', '2013-04-06', '0682 6386 5926'),
('246609', 'Kamidin Damanik', 'L', 'Magelang', '2000-10-08', '(+62) 907 8085 0417'),
('247443', 'Patricia Yuniar', 'P', 'Probolinggo', '1983-05-21', '0973 8637 0851'),
('248301', 'Samsul Iswahyudi', 'P', 'Pematangsiantar', '1970-08-07', '0564 4869 6542'),
('249031', 'Restu Fujiati', 'P', 'Medan', '1981-12-16', '026 6273 3299'),
('249297', 'Makara Rajata', 'L', 'Tidore Kepulauan', '1990-04-04', '(+62) 498 8355 868'),
('249356', 'Nalar Hadi Tamba S.I.Kom', 'L', 'Ambon', '1973-01-03', '0961 0949 7292'),
('249566', 'Najwa Agnes Puspita S.Farm', 'L', 'Sorong', '1985-04-13', '(+62) 960 7658 8697'),
('251835', 'Martaka Lazuardi', 'P', 'Bogor', '1978-04-01', '(+62) 21 3809 355'),
('252628', 'Aurora Hastuti S.I.Kom', 'P', 'Palangka Raya', '1973-07-21', '(+62) 250 6429 3021'),
('252895', 'Ida Nova Anggraini M.Farm', 'P', 'Pontianak', '1970-04-28', '(+62) 784 7726 276'),
('252897', 'Galak Asmadi Putra S.Pt', 'L', 'Surakarta', '2023-12-17', '0412 3635 143'),
('252925', 'Daliono Sirait', 'P', 'Prabumulih', '1972-07-21', '(+62) 28 6398 875'),
('252984', 'Kunthara Pradipta', 'L', 'Pagar Alam', '2001-07-05', '0893 4734 7547'),
('253984', 'Unggul Maheswara', 'L', 'Kendari', '1995-07-08', '(+62) 514 2338 825'),
('254441', 'Ciaobella Yuniar', 'L', 'Solok', '2019-04-07', '0404 4337 7790'),
('255326', 'Vero Siregar', 'L', 'Surakarta', '1978-05-24', '(+62) 891 372 954'),
('255814', 'Purwadi Gaman Wacana', 'L', 'Tanjung Pinang', '2003-10-23', '0593 9733 427'),
('256379', 'Citra Lintang Winarsih', 'P', 'Pontianak', '2015-12-28', '(+62) 26 2566 0023'),
('256573', 'Jasmin Anggraini M.M.', 'L', 'Mataram', '2005-05-15', '0644 2622 593'),
('258018', 'Virman Latupono', 'L', 'Madiun', '2016-03-15', '(+62) 915 6532 2190'),
('259653', 'Edi Anggriawan', 'P', 'Magelang', '2005-03-14', '(+62) 947 6313 540'),
('259662', 'Embuh Anggriawan', 'P', 'Yogyakarta', '2018-09-17', '0513 5202 781'),
('259950', 'Warsa Irsad Pradana S.Farm', 'P', 'Kotamobagu', '1984-12-19', '0335 0924 1339'),
('260158', 'Ganep Prasetya', 'L', 'Pekalongan', '2011-07-29', '(+62) 624 4677 169'),
('262122', 'Adika Rendy Siregar M.M.', 'L', 'Padangpanjang', '1995-02-02', '(+62) 322 7488 361'),
('262142', 'Mila Septi Mayasari S.I.Kom', 'L', 'Bogor', '1977-02-17', '(+62) 28 3020 5622'),
('262265', 'Natalia Kusmawati', 'P', 'Payakumbuh', '2003-09-05', '(+62) 28 4303 8197'),
('262412', 'Farhunnisa Hasanah M.Kom.', 'P', 'Probolinggo', '1999-05-27', '(+62) 843 3419 4977'),
('262607', 'Ciaobella Rini Rahmawati', 'L', 'Prabumulih', '2022-04-01', '0874 9234 8440'),
('264476', 'Salsabila Ajeng Fujiati', 'L', 'Tanjung Pinang', '2013-11-16', '(+62) 628 5286 574'),
('264524', 'Jane Clara Wulandari', 'L', 'Pematangsiantar', '1985-08-11', '(+62) 742 8624 7213'),
('264810', 'Baktianto Mangunsong S.Pt', 'L', 'Subulussalam', '1980-03-02', '(+62) 245 1630 0365'),
('265603', 'Agnes Kezia Suartini M.Ak', 'P', 'Madiun', '1999-11-16', '0228 3770 7639'),
('265627', 'Shania Dewi Laksita S.E.I', 'L', 'Parepare', '1980-04-03', '(+62) 564 2862 066'),
('266421', 'Kartika Permata', 'P', 'Bekasi', '1999-05-03', '(+62) 756 4661 411'),
('266615', 'Teddy Unggul Gunarto S.Ked', 'P', 'Tual', '1993-09-25', '(+62) 803 955 273'),
('266779', 'Najwa Namaga', 'P', 'Pontianak', '1992-01-13', '(+62) 719 9615 6537'),
('267566', 'Lutfan Jailani', 'P', 'Pariaman', '2006-05-28', '0804 1828 9877'),
('267652', 'Mumpuni Jailani', 'L', 'Surakarta', '1975-08-01', '0453 9085 8190'),
('268337', 'Ulya Prastuti', 'P', 'Blitar', '2024-02-18', '(+62) 518 0734 082'),
('269061', 'Gada Sihotang', 'L', 'Makassar', '2004-03-17', '0231 9991 490'),
('269091', 'Pardi Waluyo M.TI.', 'L', 'Salatiga', '2008-08-07', '0944 7303 2941'),
('269587', 'Bakti Karsa Saragih', 'L', 'Pontianak', '2018-06-21', '0613 9900 328'),
('273031', 'Rusman Nainggolan', 'L', 'Tual', '2007-12-22', '0908 7101 3304'),
('273734', 'Cawisono Anggriawan S.Farm', 'P', 'Sungai Penuh', '1996-04-10', '0807 4355 5694'),
('273848', 'Gada Samosir', 'P', 'Bengkulu', '1971-07-12', '(+62) 889 954 533'),
('273942', 'Marwata Situmorang', 'L', 'Bima', '2016-12-01', '0759 2794 724'),
('275561', 'Muni Mulyono Maulana', 'L', 'Mojokerto', '2021-11-22', '(+62) 813 3080 572'),
('275788', 'Abyasa Winarno', 'P', 'Administrasi Jakarta Pusat', '2023-03-05', '(+62) 352 9676 111'),
('276341', 'Irfan Thamrin', 'P', 'Pekalongan', '1975-07-15', '(+62) 263 8189 5544'),
('276665', 'Elon Latif Waluyo', 'L', 'Gunungsitoli', '1994-05-07', '(+62) 887 0331 1498'),
('278556', 'Martaka Kardi Thamrin S.Sos', 'L', 'Tual', '2020-09-02', '0884 067 379'),
('279224', 'Emas Cawisadi Kurniawan', 'P', 'Tanjung Pinang', '2004-04-06', '0841 2400 190'),
('279586', 'Jaeman Irawan', 'L', 'Tebing Tinggi', '1977-10-21', '0987 9727 8007'),
('279612', 'Gandewa Simanjuntak S.Pd', 'P', 'Tasikmalaya', '1975-02-08', '(+62) 436 3303 139'),
('280962', 'Vicky Agnes Mulyani', 'L', 'Batam', '1972-02-10', '(+62) 894 2307 935'),
('282360', 'Wahyu Saputra S.IP', 'L', 'Cimahi', '2019-01-24', '(+62) 581 8562 1997'),
('282667', 'Latika Puspita', 'P', 'Malang', '1975-07-23', '(+62) 677 5706 131'),
('283107', 'Vega Kurniawan', 'P', 'Ambon', '2011-07-10', '0915 4659 1180'),
('283961', 'Dadi Bagiya Sihotang', 'L', 'Banjar', '2023-04-06', '(+62) 203 2990 993'),
('284689', 'Kania Puspa Fujiati S.E.', 'L', 'Serang', '2013-10-24', '0859 0391 4777'),
('285579', 'Vivi Maryati', 'P', 'Administrasi Jakarta Utara', '2018-04-10', '(+62) 532 2248 8836'),
('286372', 'Ayu Agustina S.I.Kom', 'L', 'Kediri', '1986-02-15', '(+62) 626 6455 2592'),
('289269', 'Nabila Wahyuni S.Pd', 'P', 'Ternate', '2016-05-07', '(+62) 29 2491 7850'),
('290713', 'Silvia Hartati S.T.', 'L', 'Pontianak', '1997-12-23', '(+62) 422 6076 302'),
('291918', 'Oliva Permata', 'P', 'Tebing Tinggi', '2015-01-17', '(+62) 523 3356 9908'),
('292325', 'Bagus Nababan', 'P', 'Pekanbaru', '2008-05-08', '0775 6671 6122'),
('292350', 'Taufan Salahudin', 'P', 'Pekalongan', '2022-01-12', '(+62) 28 1079 592'),
('293643', 'Himawan Prasasta', 'P', 'Banjar', '1976-04-12', '029 2929 351'),
('294503', 'Karja Mustofa', 'P', 'Sukabumi', '2008-12-10', '(+62) 663 9849 5793'),
('295802', 'Jayeng Marpaung S.IP', 'L', 'Tidore Kepulauan', '2011-08-09', '(+62) 289 9007 549'),
('296058', 'Dalima Widiastuti', 'L', 'Tegal', '1985-09-01', '0853 9849 909'),
('296222', 'Gading Thamrin', 'P', 'Samarinda', '1996-12-09', '022 2072 199'),
('297665', 'Yunita Laksita S.Pd', 'L', 'Tual', '1980-12-13', '(+62) 413 3638 066'),
('300396', 'Kartika Pudjiastuti', 'L', 'Tangerang', '2015-04-21', '(+62) 672 4124 019'),
('300550', 'Radika Halim M.Ak', 'P', 'Jambi', '2018-12-29', '(+62) 513 4589 199'),
('300764', 'Rudi Prayitna Permadi S.Kom', 'P', 'Sibolga', '1972-09-10', '(+62) 629 7635 6514'),
('301275', 'Sabrina Safitri', 'P', 'Cilegon', '1985-12-17', '(+62) 817 9894 6472'),
('301729', 'Raharja Nugroho', 'L', 'Semarang', '2014-07-15', '0920 4778 6340'),
('301732', 'Zahra Padmasari', 'L', 'Sungai Penuh', '2002-01-14', '(+62) 500 6097 967'),
('303302', 'Jati Nugroho S.E.I', 'L', 'Sungai Penuh', '1992-09-09', '0303 9651 104'),
('303371', 'Siska Mandasari', 'P', 'Pekalongan', '2021-06-10', '(+62) 561 8132 576'),
('303380', 'Patricia Indah Fujiati', 'P', 'Bengkulu', '1999-12-13', '0817 8405 171'),
('304030', 'Kiandra Pratiwi S.E.I', 'L', 'Tanjung Pinang', '1970-06-03', '0209 8740 667'),
('304294', 'Yunita Pertiwi M.TI.', 'P', 'Tebing Tinggi', '1978-11-17', '(+62) 809 721 180'),
('304314', 'Maria Laksmiwati', 'L', 'Payakumbuh', '1981-01-10', '(+62) 446 2699 8796'),
('304524', 'Jaka Sitorus', 'L', 'Administrasi Jakarta Utara', '2007-04-30', '(+62) 907 5560 8610'),
('305531', 'Gaduh Lazuardi', 'P', 'Balikpapan', '1990-04-16', '0580 2488 245'),
('306493', 'Talia Haryanti', 'L', 'Subulussalam', '1971-03-06', '(+62) 678 2001 4902'),
('306846', 'Gina Winarsih M.TI.', 'P', 'Sawahlunto', '1985-07-09', '0579 6263 9199'),
('307263', 'Rina Yolanda', 'P', 'Palopo', '2021-01-01', '(+62) 445 5178 4650'),
('308140', 'Najib Nugroho S.E.', 'L', 'Surakarta', '2019-09-03', '0203 6170 621'),
('310053', 'Latika Unjani Namaga M.M.', 'P', 'Tebing Tinggi', '1989-01-21', '0244 3532 2729'),
('310086', 'Danu Hardiansyah M.Kom.', 'P', 'Pasuruan', '1990-04-11', '(+62) 298 9728 617'),
('310679', 'Zelaya Rahimah', 'P', 'Medan', '1980-06-23', '0364 5858 0564'),
('312223', 'Martaka Martani Jailani', 'P', 'Samarinda', '1998-08-21', '(+62) 295 5910 785'),
('312316', 'Juli Nasyiah', 'P', 'Ambon', '2022-09-05', '0878 192 904'),
('313408', 'Gawati Hassanah', 'P', 'Pasuruan', '1976-07-04', '(+62) 21 5580 637'),
('313715', 'Talia Ida Hariyah S.T.', 'L', 'Administrasi Jakarta Utara', '2019-11-25', '0308 7278 9213'),
('314619', 'Titin Fujiati', 'L', 'Banjarmasin', '2013-08-28', '(+62) 470 5946 1185'),
('314750', 'Humaira Azalea Novitasari', 'L', 'Bitung', '1973-09-30', '(+62) 514 2940 585'),
('314970', 'Yoga Permadi M.TI.', 'L', 'Surabaya', '1981-01-30', '0247 8377 676'),
('315413', 'Elma Eva Usamah M.Farm', 'P', 'Parepare', '1993-12-28', '0882 7259 1456'),
('315733', 'Maria Nasyidah S.H.', 'L', 'Cirebon', '1980-08-15', '0842 692 247'),
('315895', 'Himawan Aris Sihombing', 'L', 'Banjar', '2020-03-30', '(+62) 409 3345 8618'),
('316249', 'Lala Suartini', 'L', 'Sibolga', '1988-03-20', '0902 7448 5024'),
('316527', 'Keisha Mandasari', 'L', 'Palangka Raya', '2005-04-16', '(+62) 893 5028 8141'),
('316560', 'Nyana Siregar M.Farm', 'P', 'Mojokerto', '2000-08-01', '(+62) 351 2584 7346'),
('317060', 'Karen Mardhiyah', 'P', 'Administrasi Jakarta Barat', '1989-04-22', '0893 5172 8375'),
('317310', 'Ajimat Mandala S.Pt', 'L', 'Jambi', '1999-04-21', '(+62) 936 1513 5006'),
('317407', 'Lutfan Dongoran M.Farm', 'L', 'Palembang', '1990-09-24', '0798 8721 8823'),
('318361', 'Ulya Suci Purnawati M.Ak', 'P', 'Bima', '2017-03-25', '(+62) 324 3335 395'),
('319281', 'Tira Siti Usada S.E.', 'P', 'Administrasi Jakarta Utara', '2020-12-22', '(+62) 876 069 260'),
('319355', 'Clara Puspita', 'L', 'Tangerang Selatan', '1979-04-14', '(+62) 840 225 205'),
('319660', 'Ratih Haryanti S.Gz', 'L', 'Batam', '1998-09-20', '(+62) 824 1639 891'),
('320439', 'Nasab Wibisono', 'P', 'Magelang', '2011-09-16', '0877 595 216'),
('320562', 'Eka Tarihoran', 'L', 'Administrasi Jakarta Timur', '1993-01-16', '0268 0632 205'),
('320641', 'Anom Nainggolan M.Farm', 'L', 'Dumai', '2021-11-16', '0873 574 916'),
('320819', 'Daliono Pangestu', 'P', 'Batu', '1992-07-18', '0578 4252 9162'),
('321617', 'Teddy Tarihoran', 'P', 'Tual', '2010-09-09', '0746 7084 3587'),
('322349', 'Agus Tarihoran', 'P', 'Administrasi Jakarta Utara', '2021-03-18', '(+62) 211 3588 7259'),
('322582', 'Putri Suryatmi M.TI.', 'L', 'Administrasi Jakarta Barat', '1982-08-15', '0444 8888 561'),
('322628', 'Iriana Yuniar', 'P', 'Parepare', '2000-11-28', '029 2451 3111'),
('322887', 'Ganjaran Situmorang', 'P', 'Gorontalo', '2023-01-26', '0341 5259 820'),
('322942', 'Drajat Prasetyo Lazuardi S.T.', 'P', 'Administrasi Jakarta Pusat', '2019-08-15', '(+62) 736 9120 626'),
('324086', 'Zelaya Hasanah', 'P', 'Bima', '1990-09-20', '(+62) 521 3958 800'),
('325496', 'Qori Puspita', 'L', 'Pagar Alam', '1991-04-18', '(+62) 252 3285 823'),
('325650', 'Dwi Maulana', 'P', 'Pangkal Pinang', '1972-10-06', '(+62) 29 5161 4058'),
('326500', 'Bagas Lazuardi', 'P', 'Administrasi Jakarta Selatan', '1988-05-23', '(+62) 686 5279 742'),
('326712', 'Raisa Utami S.IP', 'P', 'Administrasi Jakarta Barat', '1987-03-25', '(+62) 602 7583 119'),
('327686', 'Garang Embuh Narpati M.TI.', 'P', 'Tual', '2018-12-12', '0833 598 121'),
('328588', 'Silvia Riyanti', 'L', 'Manado', '2005-02-23', '(+62) 967 1145 985'),
('329522', 'Irfan Argono Siregar M.M.', 'P', 'Medan', '1993-11-20', '0453 6956 3067'),
('331184', 'Edi Sihotang', 'P', 'Bandung', '1970-04-20', '(+62) 914 0302 8277'),
('333230', 'Hendri Hidayanto S.Gz', 'P', 'Sukabumi', '2013-12-17', '0916 3703 445'),
('334066', 'Olivia Kania Uyainah', 'P', 'Samarinda', '1976-06-19', '(+62) 882 0973 6192'),
('334103', 'Ayu Halimah S.Ked', 'L', 'Padangpanjang', '1979-05-18', '(+62) 364 0082 671'),
('334160', 'Ridwan Sitorus', 'P', 'Cimahi', '1972-11-14', '0493 2791 9546'),
('334192', 'Wage Yusuf Napitupulu S.E.', 'P', 'Sorong', '2011-07-13', '(+62) 319 0425 0263'),
('334810', 'Rahmi Uli Prastuti M.Ak', 'P', 'Banjarmasin', '1991-09-22', '0247 8541 554'),
('334993', 'Budi Megantara', 'P', 'Administrasi Jakarta Pusat', '1973-10-16', '(+62) 348 1544 701'),
('335097', 'Bajragin Permadi', 'P', 'Bukittinggi', '2009-03-26', '0228 9202 881'),
('336026', 'Dirja Liman Saragih', 'L', 'Administrasi Jakarta Utara', '1985-11-11', '0595 3365 1724'),
('337499', 'Kezia Utami', 'L', 'Banjarmasin', '2004-09-24', '0981 5436 385'),
('338523', 'Lukman Sihombing', 'P', 'Binjai', '2022-02-25', '0202 1553 424'),
('340280', 'Garda Harsanto Mustofa', 'L', 'Salatiga', '1978-01-03', '0675 2731 5450'),
('341640', 'Halim Pratama', 'L', 'Blitar', '1993-10-21', '0714 2216 068'),
('341666', 'Harto Pradipta', 'L', 'Denpasar', '1977-09-29', '(+62) 399 8501 684'),
('343219', 'Zalindra Oktaviani M.Farm', 'L', 'Bima', '1999-08-04', '0626 1979 0793'),
('343271', 'Legawa Reksa Budiman', 'L', 'Banjarmasin', '2005-01-13', '(+62) 592 9040 3360'),
('345879', 'Karman Nyoman Dabukke', 'L', 'Cimahi', '2007-07-11', '(+62) 414 0381 072'),
('347106', 'Warsa Cemeti Sihotang M.Farm', 'L', 'Padangsidempuan', '1980-06-27', '0216 6314 410'),
('347458', 'Nilam Laksita', 'P', 'Denpasar', '1995-01-30', '0272 5380 7786'),
('347858', 'Muni Situmorang', 'L', 'Magelang', '2004-06-18', '0316 0663 4566'),
('348683', 'Paiman Nasim Sinaga', 'L', 'Padangsidempuan', '1974-09-11', '0661 6713 080'),
('349566', 'Hamima Yunita Namaga', 'P', 'Pasuruan', '2010-06-03', '(+62) 430 1692 812'),
('349713', 'Victoria Dewi Permata M.Kom.', 'L', 'Yogyakarta', '1978-05-21', '(+62) 429 7258 6560'),
('350458', 'Vanya Wijayanti M.Kom.', 'P', 'Payakumbuh', '1994-07-31', '(+62) 667 2839 4406'),
('350503', 'Rama Emil Mustofa S.I.Kom', 'L', 'Tangerang Selatan', '1994-04-10', '0354 5977 7828'),
('350683', 'Rahmat Sinaga', 'P', 'Bontang', '2006-04-14', '0659 8438 4893'),
('350943', 'Jamalia Palastri', 'L', 'Bandung', '1971-09-13', '(+62) 944 9157 8856'),
('351659', 'Abyasa Nashiruddin', 'L', 'Ambon', '2014-04-13', '0297 1529 9168'),
('351827', 'Mahfud Pratama', 'P', 'Pariaman', '1981-06-04', '(+62) 28 5939 9085'),
('352145', 'Sakura Usada S.H.', 'P', 'Ambon', '1985-11-15', '0393 0973 748'),
('352772', 'Belinda Halimah', 'L', 'Tangerang', '2002-01-08', '(+62) 639 3847 0286'),
('353059', 'Bakidin Hutagalung M.Pd', 'L', 'Tebing Tinggi', '2022-07-01', '0450 4595 931'),
('353459', 'Eka Hasanah', 'P', 'Sukabumi', '2021-08-14', '(+62) 892 2172 3131'),
('354534', 'Ellis Agnes Uyainah S.H.', 'L', 'Padang', '2010-05-26', '0201 9545 1892'),
('355228', 'Lurhur Unggul Ardianto', 'L', 'Administrasi Jakarta Timur', '2014-03-17', '0988 2857 6005'),
('356088', 'Lili Farida', 'P', 'Depok', '1986-01-24', '(+62) 219 3717 020'),
('356348', 'Rahman Kurniawan S.Farm', 'P', 'Palangka Raya', '2018-12-15', '(+62) 403 3179 986'),
('358768', 'Hasna Rachel Zulaika M.Ak', 'P', 'Ternate', '1995-04-29', '0206 7770 779'),
('359118', 'Faizah Hartati', 'P', 'Banjarmasin', '1976-06-12', '(+62) 802 9581 0772'),
('359153', 'Edi Latupono', 'P', 'Kotamobagu', '1984-09-24', '(+62) 805 7823 0428'),
('360579', 'Aurora Widiastuti', 'P', 'Sorong', '1984-06-27', '0797 3996 669'),
('360728', 'Rachel Lalita Hartati S.Sos', 'L', 'Parepare', '1983-02-08', '(+62) 657 1318 2569'),
('361055', 'Lili Rahmawati', 'L', 'Lhokseumawe', '1974-04-27', '(+62) 428 0425 8036'),
('361107', 'Zaenab Unjani Hartati', 'P', 'Batu', '2015-10-10', '0856 3218 8867'),
('361442', 'Dalima Laksita', 'L', 'Pekalongan', '2010-06-28', '0626 6681 2703'),
('362756', 'Violet Yuniar', 'P', 'Serang', '1998-01-30', '0839 6998 608'),
('364415', 'Prayitna Mandala', 'P', 'Sukabumi', '1986-07-30', '0617 5344 4542'),
('364768', 'Panca Megantara', 'L', 'Banjarmasin', '1995-01-07', '0870 807 373'),
('364903', 'Joko Olga Najmudin', 'L', 'Tasikmalaya', '1986-06-03', '0338 8985 505'),
('364952', 'Harto Lanang Gunarto S.Gz', 'P', 'Kotamobagu', '1983-11-19', '(+62) 740 8607 006'),
('366266', 'Gamani Iswahyudi S.T.', 'L', 'Pekalongan', '2012-07-29', '0557 1989 2044'),
('366783', 'Balijan Jaga Hidayanto M.Farm', 'L', 'Probolinggo', '2012-02-12', '0908 1712 005'),
('367321', 'Oman Tamba', 'L', 'Bima', '1972-08-29', '(+62) 868 3771 019'),
('367379', 'Pia Puti Wahyuni', 'P', 'Bau-Bau', '2011-03-13', '(+62) 952 9439 8474'),
('368015', 'Gandi Niyaga Latupono S.T.', 'L', 'Salatiga', '1977-06-23', '0403 0037 3631'),
('369424', 'Amalia Pratiwi M.M.', 'L', 'Pagar Alam', '1986-04-04', '(+62) 581 8985 0471'),
('369573', 'Oskar Prasetya Maryadi', 'P', 'Surakarta', '1998-05-24', '0472 0091 2789'),
('370028', 'Nugraha Putra', 'P', 'Magelang', '1977-04-07', '(+62) 902 8113 974'),
('370454', 'Shakila Yolanda S.Sos', 'L', 'Tomohon', '2021-12-20', '0658 3333 0698'),
('371050', 'Yono Hutasoit', 'P', 'Pekanbaru', '1983-07-16', '(+62) 644 5967 9556'),
('371213', 'Ratih Genta Wastuti S.Farm', 'P', 'Lubuklinggau', '1976-02-08', '(+62) 348 2897 7879'),
('371431', 'Aris Emil Utama S.E.', 'L', 'Sukabumi', '1998-08-24', '0277 5508 5960'),
('372142', 'Diana Haryanti', 'P', 'Bengkulu', '1986-06-29', '025 1652 3329'),
('373111', 'Vicky Zulaikha Mandasari', 'L', 'Binjai', '1980-10-08', '0552 2867 044'),
('373286', 'Anastasia Winarsih S.Ked', 'P', 'Mojokerto', '2004-07-11', '(+62) 491 5435 3007'),
('374103', 'Aditya Firgantoro', 'L', 'Tanjungbalai', '1990-07-27', '(+62) 720 4824 387'),
('374384', 'Asirwada Sitompul', 'L', 'Tual', '2006-06-11', '(+62) 694 0265 881'),
('374554', 'Aisyah Namaga', 'P', 'Salatiga', '2006-03-23', '(+62) 906 2531 9943'),
('375160', 'Kani Puspita M.Pd', 'P', 'Langsa', '2013-08-18', '(+62) 478 9514 787'),
('375464', 'Lurhur Prasasta', 'L', 'Tangerang', '2006-11-16', '(+62) 547 9079 3283'),
('375860', 'Gilang Simbolon', 'L', 'Ambon', '1985-10-18', '(+62) 489 1408 6793'),
('378142', 'Rangga Mandala', 'L', 'Medan', '1976-06-28', '0881 7819 0718'),
('378220', 'Wirda Ade Maryati S.Sos', 'P', 'Banjar', '2002-04-05', '(+62) 650 5612 1713'),
('378429', 'Paiman Umaya Samosir M.Farm', 'L', 'Lhokseumawe', '2014-10-04', '0284 4252 4397'),
('379175', 'Putri Hariyah', 'L', 'Mataram', '1970-05-07', '(+62) 310 3030 214'),
('379495', 'Yono Jasmani Prabowo S.Pt', 'L', 'Cilegon', '2000-04-09', '(+62) 433 4890 734'),
('380727', 'Galiono Marpaung S.Ked', 'L', 'Yogyakarta', '2006-12-13', '0232 4644 1020'),
('381071', 'Salimah Padmasari S.Pt', 'L', 'Banda Aceh', '2003-08-24', '(+62) 468 9865 978'),
('381670', 'Nilam Fathonah Halimah', 'P', 'Magelang', '2016-12-29', '(+62) 429 5138 433'),
('381689', 'Adiarja Hutasoit', 'P', 'Tangerang', '2003-09-07', '(+62) 628 3548 4017'),
('382574', 'Harjo Narpati', 'L', 'Salatiga', '1978-10-06', '(+62) 872 6810 8488'),
('383420', 'Teguh Halim Hutapea S.Gz', 'L', 'Ambon', '2005-07-22', '(+62) 669 4242 464'),
('383474', 'Mila Melani S.Farm', 'P', 'Tomohon', '2015-08-03', '0287 2739 9985'),
('383804', 'Prayoga Megantara', 'L', 'Pagar Alam', '1986-05-02', '0429 6306 2697'),
('386990', 'Restu Rahmawati S.Farm', 'P', 'Madiun', '2005-05-12', '(+62) 774 3189 484'),
('387875', 'Gandewa Prakasa', 'P', 'Bandung', '1980-01-14', '(+62) 994 5559 911'),
('388371', 'Reza Maheswara S.Psi', 'P', 'Bau-Bau', '1996-10-13', '(+62) 516 1053 5183'),
('388534', 'Salwa Yuliarti', 'P', 'Bontang', '2021-01-15', '(+62) 789 3991 4991'),
('389432', 'Bagya Wasita', 'P', 'Malang', '2024-05-15', '(+62) 312 5473 0341'),
('389643', 'Ulya Melani', 'P', 'Pagar Alam', '1979-07-28', '(+62) 325 3459 6874'),
('390060', 'Malik Suwarno', 'P', 'Bitung', '2019-08-05', '(+62) 397 8758 976'),
('390540', 'Bahuraksa Natsir', 'P', 'Bontang', '1991-06-06', '028 4074 630'),
('390602', 'Vivi Handayani', 'L', 'Madiun', '1987-01-30', '0808 5349 005'),
('391807', 'Jamalia Mayasari', 'P', 'Sukabumi', '2005-03-12', '0586 2579 0059'),
('394479', 'Ian Nashiruddin', 'P', 'Bau-Bau', '1989-01-06', '0791 3554 4736'),
('395012', 'Fathonah Lestari', 'P', 'Surabaya', '2022-05-21', '(+62) 374 8429 954'),
('395395', 'Jefri Marpaung', 'P', 'Mojokerto', '2013-05-29', '0509 3849 5759'),
('396142', 'Ilyas Soleh Rajasa', 'L', 'Batu', '2002-11-05', '0282 0598 3321'),
('396853', 'Paulin Yulia Andriani', 'L', 'Bengkulu', '1975-06-22', '(+62) 467 4298 5301'),
('397169', 'Opan Sitompul', 'L', 'Tidore Kepulauan', '1971-07-01', '(+62) 242 9843 2991'),
('397283', 'Almira Susanti', 'P', 'Balikpapan', '1991-07-17', '(+62) 858 8922 2788'),
('399079', 'Ajiono Budiman', 'P', 'Palu', '1990-07-10', '0719 2851 4201'),
('399503', 'Tedi Maulana M.Ak', 'L', 'Surakarta', '1973-03-07', '027 1876 3493'),
('399759', 'Dono Tarihoran', 'P', 'Tidore Kepulauan', '1972-09-19', '(+62) 714 7821 1127'),
('399909', 'Langgeng Natsir M.Kom.', 'L', 'Tomohon', '2000-11-29', '(+62) 305 6034 6142'),
('400688', 'Ulya Rahayu', 'L', 'Sorong', '1990-05-03', '(+62) 566 7703 175'),
('400932', 'Latif Sihotang', 'L', 'Tanjungbalai', '1983-11-17', '(+62) 913 6173 6034'),
('401046', 'Nabila Andriani', 'P', 'Tidore Kepulauan', '1984-09-14', '026 4837 0599'),
('401072', 'Cornelia Zulaika', 'P', 'Bukittinggi', '1992-09-16', '(+62) 509 6133 6359'),
('401150', 'Najwa Yuliarti S.Ked', 'L', 'Administrasi Jakarta Selatan', '1995-02-11', '0281 6513 7484'),
('401340', 'Febi Ilsa Mardhiyah', 'P', 'Pekalongan', '1983-06-10', '0320 0829 788'),
('403098', 'Citra Lestari', 'L', 'Parepare', '1981-11-07', '(+62) 903 1533 8100'),
('403245', 'Puput Hariyah S.H.', 'P', 'Semarang', '1983-07-18', '0234 4123 792'),
('403279', 'Ikin Simbolon M.Farm', 'L', 'Prabumulih', '1989-02-16', '0582 5822 940'),
('403576', 'Radit Marbun', 'L', 'Pariaman', '1978-08-09', '0437 9137 112'),
('403785', 'Aris Garda Waluyo', 'L', 'Solok', '1974-07-14', '(+62) 627 9738 0648'),
('404333', 'Dian Yolanda', 'L', 'Depok', '2006-08-12', '(+62) 216 9967 032'),
('406258', 'Jarwadi Mariadi Kusumo S.E.', 'L', 'Tanjungbalai', '2011-10-09', '0820 835 493'),
('406909', 'Anita Elma Yolanda S.Sos', 'P', 'Palopo', '1987-04-25', '0797 6981 6502'),
('407103', 'Jail Sitompul', 'L', 'Ternate', '2016-07-24', '0488 7235 7976'),
('407359', 'Putu Jabal Hutapea M.TI.', 'P', 'Kendari', '1992-10-20', '(+62) 225 5050 188'),
('409433', 'Zulfa Laksmiwati', 'L', 'Administrasi Jakarta Pusat', '2019-10-01', '0523 7373 427'),
('409833', 'Queen Safitri', 'P', 'Administrasi Jakarta Selatan', '1972-03-10', '(+62) 556 6669 4185'),
('410867', 'Ami Kuswandari', 'L', 'Padangpanjang', '1982-10-29', '(+62) 646 5485 887'),
('411255', 'Mala Astuti', 'P', 'Banjarmasin', '1970-10-21', '(+62) 324 6598 329'),
('411364', 'Anggabaya Najmudin', 'L', 'Tual', '2024-03-13', '0312 8545 7518'),
('411439', 'Galak Hidayat', 'L', 'Medan', '2011-06-23', '(+62) 775 8769 282'),
('411453', 'Faizah Hasanah', 'P', 'Bontang', '2012-09-28', '0825 2372 019'),
('411490', 'Shakila Sadina Wijayanti', 'L', 'Banjarmasin', '2019-03-29', '(+62) 923 2809 8433'),
('411989', 'Daruna Kuncara Sitompul M.Farm', 'L', 'Balikpapan', '1988-09-16', '0736 6382 3438'),
('412346', 'Luthfi Sihombing', 'P', 'Bontang', '1985-08-17', '(+62) 984 8149 567'),
('414765', 'Nasrullah Saefullah S.Sos', 'L', 'Gorontalo', '1996-03-18', '0414 5437 2750'),
('414973', 'Rama Najmudin', 'P', 'Palopo', '1993-05-27', '023 6251 875'),
('418705', 'Opung Waskita', 'P', 'Blitar', '1974-09-14', '024 0335 3261'),
('418731', 'Dalimin Harjasa Wibisono S.T.', 'P', 'Batam', '1979-02-14', '0624 3686 647'),
('419579', 'Vero Waskita', 'L', 'Probolinggo', '1975-09-08', '(+62) 878 7421 2359'),
('422267', 'Baktiadi Bahuwirya Dongoran', 'L', 'Pontianak', '1980-01-26', '024 0764 728'),
('422467', 'Puput Amelia Mulyani S.IP', 'L', 'Padangsidempuan', '2006-01-04', '0222 3994 4258'),
('422577', 'Soleh Samsul Hidayat S.Kom', 'P', 'Tidore Kepulauan', '2011-04-15', '(+62) 786 4875 7443'),
('422729', 'Eja Iswahyudi', 'L', 'Pekanbaru', '1980-09-03', '(+62) 959 4051 9858'),
('423202', 'Lamar Simon Jailani', 'P', 'Sukabumi', '2012-06-19', '(+62) 947 5887 660'),
('423316', 'Vero Tampubolon', 'P', 'Pontianak', '2010-06-10', '0627 6237 1970'),
('423592', 'Julia Farida', 'L', 'Tomohon', '1984-04-13', '(+62) 900 3265 5912'),
('423905', 'Kayun Wasita S.Ked', 'L', 'Kotamobagu', '2009-11-09', '(+62) 555 2419 711'),
('424625', 'Queen Queen Hassanah', 'P', 'Padang', '1991-09-07', '(+62) 304 0831 507'),
('425399', 'Tina Zamira Pudjiastuti S.Psi', 'P', 'Salatiga', '1989-12-14', '0426 6617 975'),
('426278', 'Kuncara Prabu Sitompul S.T.', 'P', 'Bitung', '1986-12-30', '0216 0511 722'),
('426709', 'Rini Mandasari', 'P', 'Padang', '1972-11-04', '(+62) 503 3509 2680'),
('426943', 'Mila Laila Palastri', 'L', 'Batam', '1975-07-07', '0550 2760 7840'),
('427277', 'Drajat Kemba Samosir', 'P', 'Surakarta', '1998-10-19', '(+62) 298 7547 1016'),
('427299', 'Rafid Nababan S.Farm', 'P', 'Administrasi Jakarta Selatan', '1992-09-20', '(+62) 945 2086 0541'),
('427740', 'Yosef Hidayanto S.I.Kom', 'L', 'Bukittinggi', '2002-08-02', '(+62) 923 2971 1835'),
('430328', 'Estiawan Wijaya', 'P', 'Tanjungbalai', '1973-06-03', '0612 9846 1452'),
('430484', 'Oman Latupono S.Pd', 'L', 'Sibolga', '1973-02-23', '0862 8624 2474'),
('431477', 'Paris Wastuti', 'L', 'Gorontalo', '1976-10-27', '(+62) 267 3008 4245'),
('432323', 'Lembah Hardi Prasetyo S.H.', 'L', 'Cirebon', '2009-02-24', '0460 4617 9879'),
('432637', 'Uli Utami M.Ak', 'L', 'Bitung', '1997-08-16', '0763 1020 6975'),
('432743', 'Calista Hassanah', 'L', 'Lhokseumawe', '1985-09-15', '(+62) 637 4744 8763'),
('432844', 'Yusuf Kenari Waluyo', 'P', 'Manado', '1974-03-20', '(+62) 938 9135 865'),
('432998', 'Gina Padma Melani M.Pd', 'L', 'Banjar', '2007-04-17', '0301 8739 2572'),
('433558', 'Unggul Permadi M.Farm', 'P', 'Kediri', '2021-08-18', '(+62) 26 1462 881'),
('433781', 'Rachel Permata', 'P', 'Semarang', '2009-03-09', '0463 4026 2503'),
('434603', 'Balijan Saka Pradana S.Psi', 'L', 'Madiun', '1973-08-16', '(+62) 474 8825 986'),
('438319', 'Novi Maryati', 'L', 'Jambi', '1994-08-04', '0389 6101 5285'),
('438775', 'Tirtayasa Waluyo', 'P', 'Jayapura', '2002-07-11', '(+62) 810 9495 164'),
('441584', 'Yuni Puspita', 'L', 'Bitung', '1977-09-12', '(+62) 996 7470 513'),
('442063', 'Dina Rahimah S.IP', 'L', 'Balikpapan', '2023-04-07', '(+62) 364 0699 6983'),
('442654', 'Puspa Safitri S.Sos', 'L', 'Medan', '2011-12-21', '(+62) 484 8015 375'),
('442721', 'Daliono Ega Kusumo', 'P', 'Probolinggo', '1996-04-11', '0984 2576 1012'),
('443365', 'Kezia Puspasari M.Farm', 'L', 'Padangpanjang', '1984-02-21', '(+62) 617 0096 4388'),
('443601', 'Paris Fitria Kuswandari M.Ak', 'L', 'Yogyakarta', '2006-02-07', '(+62) 536 4896 288'),
('446888', 'Slamet Mansur', 'L', 'Sabang', '1979-01-20', '020 7553 752'),
('447730', 'Queen Agustina', 'P', 'Padang', '1985-02-10', '0679 4762 3609'),
('448690', 'Maida Rahmawati S.Sos', 'L', 'Semarang', '1996-09-24', '0443 4494 3733'),
('449120', 'Gamblang Sirait', 'P', 'Sibolga', '1983-05-21', '(+62) 598 2871 7385'),
('449456', 'Wasis Tarihoran', 'L', 'Yogyakarta', '1970-08-10', '0819 0585 7044'),
('449738', 'Nadia Susanti', 'P', 'Sawahlunto', '2013-06-27', '(+62) 462 5667 786'),
('450002', 'Dewi Aryani', 'L', 'Kotamobagu', '2006-06-20', '0778 7017 201'),
('450432', 'Rahmi Rahmawati', 'L', 'Padangsidempuan', '2022-02-28', '0336 2788 674'),
('451282', 'Luluh Hutasoit', 'L', 'Binjai', '2007-07-12', '(+62) 25 9610 466'),
('451477', 'Salwa Winarsih M.M.', 'P', 'Semarang', '1992-08-20', '0866 537 617'),
('452589', 'Prabowo Hardiansyah S.Psi', 'P', 'Administrasi Jakarta Timur', '1979-01-26', '0998 0867 9342'),
('452754', 'Ade Raisa Permata M.Ak', 'P', 'Tasikmalaya', '1991-03-22', '(+62) 20 9423 2859'),
('453368', 'Kardi Pranowo S.Sos', 'P', 'Madiun', '1975-05-28', '0458 4992 6516'),
('454742', 'Cindy Permata', 'P', 'Kotamobagu', '1989-03-12', '(+62) 865 6570 468'),
('455530', 'Erik Hardi Suwarno', 'L', 'Palembang', '1998-07-24', '0867 254 446'),
('455704', 'Lidya Usada S.E.', 'L', 'Batam', '1991-05-17', '(+62) 387 7987 5099'),
('456145', 'Tasnim Jailani S.Pt', 'L', 'Sorong', '1995-02-03', '(+62) 27 4797 1079'),
('456817', 'Fitria Fujiati S.Ked', 'P', 'Tegal', '2010-01-23', '0813 0298 5894'),
('457058', 'Argono Heru Sinaga S.E.I', 'P', 'Solok', '2017-05-18', '(+62) 212 1383 4608'),
('458805', 'Siska Wulandari', 'L', 'Padang', '2017-12-26', '(+62) 214 7113 2289'),
('459645', 'Nilam Amelia Sudiati S.IP', 'L', 'Tangerang Selatan', '1973-11-14', '0342 4669 439'),
('460654', 'Novi Fujiati S.Gz', 'L', 'Cirebon', '1999-09-12', '(+62) 730 7673 8120'),
('461220', 'Ami Wani Yolanda S.Pt', 'L', 'Lhokseumawe', '1988-04-04', '(+62) 979 2383 959'),
('461270', 'Upik Natsir S.H.', 'P', 'Pasuruan', '2014-08-01', '(+62) 28 7632 985'),
('461976', 'Cemani Winarno', 'L', 'Gunungsitoli', '1972-07-17', '0228 9046 3326'),
('462349', 'Dartono Mursita Maulana', 'P', 'Subulussalam', '1996-03-10', '(+62) 906 7750 5905'),
('462388', 'Bagya Hidayanto S.Gz', 'P', 'Bandung', '1971-04-15', '0509 3001 148'),
('462769', 'Lanjar Marbun S.Farm', 'P', 'Administrasi Jakarta Pusat', '1994-11-11', '0747 2717 0829'),
('463082', 'Endra Hidayanto', 'L', 'Semarang', '2005-01-11', '(+62) 775 1507 7305'),
('463108', 'Nadia Karimah Wahyuni', 'P', 'Mojokerto', '1993-11-12', '0270 3838 440'),
('463439', 'Paris Safitri', 'P', 'Cirebon', '1998-05-25', '(+62) 485 3546 8386'),
('463735', 'Digdaya Mahendra', 'L', 'Pariaman', '2008-12-13', '0262 2232 882'),
('464337', 'Sidiq Emil Sirait S.Farm', 'P', 'Surabaya', '1996-08-19', '0410 4138 3206'),
('465151', 'Mila Kamaria Sudiati', 'L', 'Kediri', '1985-11-30', '0612 2104 193'),
('466550', 'Diana Uyainah', 'L', 'Tangerang', '2001-07-26', '0307 2809 2466'),
('467148', 'Argono Mandala', 'P', 'Binjai', '2001-02-04', '0969 6846 3766'),
('467400', 'Eka Eli Melani', 'L', 'Pariaman', '1976-06-24', '0412 1375 307'),
('467512', 'Violet Iriana Suartini S.T.', 'L', 'Cirebon', '1999-09-11', '(+62) 876 0670 4435'),
('469570', 'Eka Prabowo Anggriawan', 'L', 'Langsa', '2018-01-27', '(+62) 446 5729 912'),
('469617', 'Juli Yuliarti', 'P', 'Manado', '1977-01-17', '(+62) 270 5857 546'),
('470182', 'Paulin Riyanti', 'L', 'Tegal', '1989-01-29', '0481 7428 775'),
('471079', 'Yance Susanti S.T.', 'L', 'Balikpapan', '2000-05-01', '0542 0915 9454'),
('471217', 'Cici Ade Yulianti M.Pd', 'P', 'Mataram', '1996-05-25', '(+62) 884 8985 4955'),
('471622', 'Citra Ulya Handayani S.IP', 'L', 'Palembang', '2002-09-28', '(+62) 275 6049 742'),
('475306', 'Hasan Galang Tamba', 'L', 'Yogyakarta', '1992-07-04', '(+62) 461 0518 536'),
('475790', 'Sabar Hardiansyah', 'P', 'Surakarta', '1975-11-28', '0560 2994 594'),
('476052', 'Nadine Novitasari', 'P', 'Surabaya', '1980-01-20', '(+62) 22 9473 9411'),
('476685', 'Dewi Riyanti', 'L', 'Sorong', '2013-04-04', '(+62) 277 0176 9426'),
('476917', 'Adiarja Lasmono Mandala', 'P', 'Tangerang Selatan', '1985-08-08', '(+62) 22 8037 948'),
('477497', 'Intan Melinda Sudiati', 'L', 'Pematangsiantar', '2022-06-04', '0426 5621 5383'),
('478323', 'Maimunah Maryati S.Pd', 'L', 'Lhokseumawe', '2022-02-05', '0798 9653 394'),
('478421', 'Putri Rahimah M.Farm', 'L', 'Bandung', '2023-02-19', '0404 5389 010'),
('478571', 'Puput Purwanti', 'L', 'Tomohon', '1997-12-06', '(+62) 818 4272 350'),
('478760', 'Prabu Harimurti Wasita', 'P', 'Kendari', '1984-05-07', '0859 5861 9276'),
('479564', 'Vicky Prastuti S.IP', 'L', 'Pekalongan', '1985-09-26', '0606 4824 4454'),
('479584', 'Fathonah Puspita', 'L', 'Samarinda', '1978-04-05', '0276 0330 306'),
('480049', 'Farhunnisa Rahimah', 'P', 'Bandung', '1973-03-17', '0252 0531 1843'),
('480210', 'Lega Dalimin Wijaya M.TI.', 'P', 'Malang', '1992-01-20', '0677 9286 668'),
('480530', 'Lintang Wijayanti S.Sos', 'P', 'Palembang', '1985-07-18', '0884 639 603'),
('480827', 'Mahdi Lanang Pangestu S.Farm', 'L', 'Batu', '1994-11-27', '(+62) 432 0286 275'),
('481695', 'Anastasia Farah Yuniar', 'P', 'Probolinggo', '1975-11-21', '(+62) 311 9014 4301'),
('482526', 'Yunita Yulianti', 'P', 'Serang', '2019-03-08', '0886 4718 659'),
('482558', 'Shakila Safitri', 'P', 'Pasuruan', '1985-03-14', '0511 3950 3488'),
('482784', 'Estiono Asman Pradana M.TI.', 'P', 'Bandar Lampung', '1993-07-03', '(+62) 408 1404 793'),
('483575', 'Tania Usamah S.I.Kom', 'P', 'Bukittinggi', '2005-02-18', '(+62) 275 9097 032'),
('484241', 'Gamanto Latupono', 'L', 'Cimahi', '1979-11-04', '0880 9010 6696'),
('484381', 'Endah Palastri S.I.Kom', 'P', 'Cimahi', '2008-02-11', '0699 6538 8200'),
('484736', 'Putri Kusmawati', 'L', 'Parepare', '2022-11-03', '0335 7825 452'),
('485062', 'Sakura Maimunah Mandasari S.Pt', 'L', 'Magelang', '1977-03-30', '(+62) 871 051 469'),
('486605', 'Setya Lazuardi', 'L', 'Prabumulih', '2004-11-13', '(+62) 857 2825 611'),
('486860', 'Jarwa Lazuardi', 'P', 'Administrasi Jakarta Barat', '1983-06-21', '0557 7045 303'),
('487079', 'Jarwa Suryono', 'P', 'Tegal', '1979-10-01', '(+62) 556 6687 1238'),
('488723', 'Kemal Nababan', 'L', 'Subulussalam', '1977-06-05', '(+62) 535 0531 9800'),
('489158', 'Agnes Agustina', 'L', 'Jayapura', '1988-09-07', '0766 9439 208'),
('489896', 'Nabila Sudiati', 'P', 'Batam', '2005-09-01', '(+62) 349 7132 530'),
('490388', 'Warta Pradana', 'P', 'Kupang', '1976-10-14', '(+62) 280 7568 8453'),
('491404', 'Elvina Ira Winarsih S.Gz', 'P', 'Tegal', '2002-12-24', '(+62) 413 9780 679'),
('493111', 'Banara Putra', 'P', 'Cimahi', '1989-06-08', '0383 8410 821'),
('494042', 'Wisnu Samosir', 'L', 'Sukabumi', '2003-06-06', '(+62) 634 5541 1103'),
('494691', 'Taufan Sinaga', 'L', 'Samarinda', '2013-05-19', '(+62) 940 7614 120'),
('495949', 'Capa Upik Wacana', 'L', 'Blitar', '2018-09-24', '0349 4391 516'),
('496566', 'Gaman Kusumo', 'L', 'Solok', '1992-05-24', '0258 9338 941'),
('496964', 'Nadia Mulyani', 'P', 'Pematangsiantar', '2007-01-06', '0964 3801 206'),
('496968', 'Kajen Santoso', 'P', 'Tegal', '2005-06-24', '0694 1758 4034'),
('497096', 'Harimurti Budiyanto', 'L', 'Administrasi Jakarta Barat', '1970-05-05', '(+62) 422 3652 8880'),
('497919', 'Najwa Hastuti M.Ak', 'P', 'Madiun', '1978-08-01', '0903 7478 233'),
('498048', 'Dimas Iswahyudi S.IP', 'L', 'Padangsidempuan', '1973-02-01', '0506 0815 7751'),
('498163', 'Liman Hutasoit', 'P', 'Pekalongan', '1988-09-17', '(+62) 491 1353 502'),
('498396', 'Wasis Firmansyah', 'P', 'Balikpapan', '2007-03-24', '0455 8282 094'),
('499519', 'Limar Winarno', 'P', 'Madiun', '1986-03-10', '(+62) 956 1135 120'),
('499798', 'Farhunnisa Sadina Suartini', 'L', 'Makassar', '2010-07-17', '(+62) 910 3472 9668'),
('503854', 'Xanana Wacana M.TI.', 'L', 'Langsa', '1995-08-11', '0678 4514 0538'),
('504187', 'Dadap Utama', 'L', 'Jayapura', '2011-06-28', '0367 7831 3270'),
('504495', 'Martana Tamba', 'L', 'Lhokseumawe', '2014-04-21', '0737 9680 6520'),
('504771', 'Shakila Purwanti', 'L', 'Magelang', '1986-01-03', '(+62) 246 4057 007'),
('505244', 'Hartana Narpati', 'P', 'Sukabumi', '1971-06-01', '022 7377 878'),
('506031', 'Lidya Purnawati S.Farm', 'P', 'Prabumulih', '2023-04-17', '(+62) 479 0088 668'),
('509014', 'Eka Kusuma Prakasa S.I.Kom', 'P', 'Magelang', '2016-06-08', '0780 2964 4512'),
('509462', 'Ajimat Sitompul S.Psi', 'P', 'Kupang', '1986-07-05', '(+62) 710 6743 721'),
('509521', 'Adikara Ikhsan Permadi', 'L', 'Tasikmalaya', '1987-07-31', '0719 3311 920'),
('510571', 'Marsudi Cakrajiya Ardianto M.Farm', 'P', 'Payakumbuh', '2005-10-17', '0553 8740 6610'),
('510647', 'Pranawa Tampubolon M.Pd', 'L', 'Pekanbaru', '2017-09-04', '028 7268 041'),
('510818', 'Salsabila Riyanti', 'P', 'Bogor', '1976-07-02', '0745 7778 9669'),
('511226', 'Praba Gaduh Zulkarnain', 'L', 'Padangpanjang', '1988-11-05', '(+62) 765 0936 708'),
('511515', 'Kusuma Najmudin', 'P', 'Malang', '2012-12-26', '(+62) 211 1044 930'),
('511826', 'Ayu Almira Pudjiastuti M.M.', 'L', 'Bukittinggi', '1983-03-09', '0348 4623 9149'),
('512954', 'Ani Puspasari', 'P', 'Manado', '1977-02-25', '(+62) 665 1836 667'),
('513985', 'Elma Maryati', 'L', 'Palopo', '2021-02-20', '(+62) 985 5928 677'),
('514163', 'Dewi Usada S.Gz', 'L', 'Gunungsitoli', '1977-05-06', '(+62) 351 9474 2500'),
('514923', 'Panji Kuswoyo', 'L', 'Pagar Alam', '2008-01-01', '(+62) 868 964 438'),
('514958', 'Gamanto Teddy Prayoga M.M.', 'P', 'Cimahi', '2005-07-13', '(+62) 496 6874 398'),
('515879', 'Sabrina Nurdiyanti', 'P', 'Subulussalam', '1990-06-20', '(+62) 450 0184 133'),
('515929', 'Oliva Farida', 'P', 'Tomohon', '1986-01-04', '(+62) 407 6111 7057'),
('516370', 'Wisnu Nyana Maheswara', 'P', 'Pagar Alam', '2002-03-24', '0291 7921 254'),
('516856', 'Keisha Purnawati M.Farm', 'P', 'Balikpapan', '1988-12-22', '(+62) 883 6051 079'),
('517166', 'Adinata Situmorang', 'L', 'Padangsidempuan', '1980-04-25', '(+62) 239 3667 782'),
('517313', 'Warsita Natsir', 'L', 'Gunungsitoli', '1998-09-22', '029 4507 6124'),
('518224', 'Maria Hana Lestari', 'L', 'Padangsidempuan', '2020-12-21', '(+62) 462 9785 9256'),
('518472', 'Yuliana Handayani', 'P', 'Kotamobagu', '1992-06-30', '0834 227 400'),
('518875', 'Agus Dadap Gunarto', 'L', 'Tual', '2016-01-20', '0778 2974 985'),
('520638', 'Diah Ilsa Yulianti S.T.', 'P', 'Bekasi', '2024-03-03', '0502 4557 534'),
('520786', 'Hilda Putri Palastri S.Ked', 'P', 'Manado', '1981-03-15', '0813 5218 567'),
('521271', 'Shakila Kuswandari', 'L', 'Gunungsitoli', '1978-07-05', '(+62) 760 0483 458'),
('521710', 'Labuh Narpati', 'P', 'Sawahlunto', '1999-06-21', '(+62) 880 568 059'),
('522179', 'Darsirah Mustofa M.Ak', 'P', 'Banjarmasin', '1971-10-11', '0450 6107 821'),
('522225', 'Teddy Viman Nainggolan', 'P', 'Padang', '2019-11-16', '(+62) 530 2075 914'),
('522275', 'Galih Makuta Sitorus', 'L', 'Bogor', '2002-10-15', '0254 2779 8651'),
('522423', 'Anita Riyanti S.H.', 'L', 'Ternate', '1978-04-28', '0239 5763 640'),
('522655', 'Julia Mutia Fujiati', 'L', 'Pematangsiantar', '2007-07-29', '0574 0019 553'),
('522881', 'Ivan Kuswoyo', 'L', 'Pekanbaru', '2008-08-03', '(+62) 881 926 666'),
('525614', 'Damar Putra', 'L', 'Pasuruan', '1996-07-27', '0483 8432 595'),
('525886', 'Okta Nasrullah Winarno', 'L', 'Jambi', '1972-09-14', '(+62) 818 8474 773'),
('527177', 'Halima Lestari', 'L', 'Ambon', '1980-10-21', '0617 6375 427'),
('527870', 'Lidya Permata M.Farm', 'P', 'Sorong', '2023-07-13', '0388 0357 6536'),
('527886', 'Rangga Saefullah', 'L', 'Singkawang', '2010-11-12', '(+62) 957 0390 7476'),
('528453', 'Gandi Wacana S.IP', 'L', 'Tual', '1974-09-22', '028 7795 433'),
('529145', 'Laswi Tampubolon', 'L', 'Jayapura', '1981-01-18', '(+62) 861 4734 8795'),
('529844', 'Hamima Lestari', 'L', 'Salatiga', '1992-12-16', '0587 0500 430'),
('530585', 'Vero Mahendra S.Pt', 'L', 'Cirebon', '2010-02-04', '0848 388 141'),
('530611', 'Edward Latif Anggriawan', 'L', 'Samarinda', '2010-10-03', '0846 714 245'),
('531102', 'Aisyah Ellis Agustina S.Pd', 'L', 'Cilegon', '2011-12-12', '0878 975 063'),
('533156', 'Ganda Kurniawan', 'L', 'Surakarta', '2016-03-19', '0210 3157 850'),
('533776', 'Gina Yulia Hastuti S.Pt', 'P', 'Mojokerto', '2003-05-30', '0233 5882 8922'),
('534004', 'Kani Kasiyah Pertiwi M.Kom.', 'L', 'Padangpanjang', '2011-11-24', '(+62) 538 0287 6968'),
('535437', 'Mahfud Cager Rajata M.M.', 'L', 'Jambi', '1981-05-30', '0411 9348 8306'),
('535646', 'Raharja Wasis Sihombing', 'L', 'Tegal', '1992-05-17', '(+62) 26 7946 003'),
('537456', 'Ratna Padmasari', 'L', 'Pagar Alam', '1979-03-21', '0926 9257 961'),
('539156', 'Darmana Utama', 'L', 'Banjarmasin', '1974-01-15', '0602 8072 2866'),
('539376', 'Cakrawala Setiawan M.M.', 'L', 'Langsa', '2000-10-07', '0306 2542 365'),
('540384', 'Gandewa Putu Wahyudin', 'P', 'Singkawang', '2022-01-15', '0458 9579 1373'),
('540932', 'Cici Shania Aryani', 'P', 'Balikpapan', '2011-12-14', '(+62) 850 1558 9986'),
('545726', 'Dimas Eluh Saputra', 'L', 'Administrasi Jakarta Pusat', '1975-10-28', '(+62) 27 9362 7989'),
('546356', 'Simon Haryanto', 'L', 'Tasikmalaya', '2018-05-13', '(+62) 597 0911 3148'),
('546413', 'Natalia Mulyani', 'P', 'Pontianak', '2002-07-04', '(+62) 674 1833 3973'),
('546901', 'Mahesa Damanik', 'P', 'Banjarbaru', '1992-12-19', '(+62) 831 1232 961'),
('548791', 'Jane Mandasari', 'P', 'Bima', '2003-05-28', '(+62) 28 0239 371'),
('548958', 'Jamil Luwes Saefullah', 'P', 'Manado', '1987-08-07', '(+62) 423 7816 457'),
('548998', 'Atma Oskar Rajata M.TI.', 'L', 'Parepare', '1974-04-17', '(+62) 602 7205 141'),
('550029', 'Ida Gawati Wahyuni S.T.', 'L', 'Palembang', '2015-02-25', '0492 4533 562'),
('550037', 'Zamira Hamima Nasyidah', 'P', 'Kediri', '2002-08-18', '(+62) 349 7804 422'),
('550799', 'Talia Lidya Hariyah S.T.', 'P', 'Palu', '2023-08-06', '0834 209 416'),
('550825', 'Yani Astuti', 'L', 'Prabumulih', '1984-04-30', '0309 0145 051'),
('551308', 'Raditya Gadang Nainggolan S.E.', 'P', 'Parepare', '2008-03-18', '026 0941 0492'),
('551381', 'Bagus Mangunsong', 'L', 'Pematangsiantar', '2012-03-15', '(+62) 468 7772 781'),
('553782', 'Ami Puspita', 'L', 'Solok', '1991-01-16', '0802 9861 212'),
('554243', 'Jail Sitorus', 'L', 'Administrasi Jakarta Pusat', '1993-08-16', '(+62) 376 0248 932'),
('556206', 'Irwan Pangestu M.M.', 'P', 'Sabang', '1993-12-10', '(+62) 203 4814 2545'),
('556727', 'Siti Mandasari', 'P', 'Tangerang', '2016-06-06', '(+62) 463 3756 069'),
('557352', 'Putri Uyainah', 'P', 'Cimahi', '1997-02-03', '(+62) 589 7328 3413'),
('557611', 'Yono Asman Prasetyo', 'L', 'Padang', '1984-12-20', '(+62) 920 1506 0531'),
('560167', 'Jelita Padmi Pertiwi S.I.Kom', 'L', 'Blitar', '2014-04-05', '(+62) 947 3267 078'),
('560195', 'Nyoman Sinaga', 'P', 'Jayapura', '1981-06-24', '0345 5761 963'),
('560992', 'Cici Paris Rahimah', 'L', 'Administrasi Jakarta Pusat', '2016-07-25', '0731 8784 7592'),
('561109', 'Dadap Halim', 'P', 'Bandung', '2021-08-22', '(+62) 841 134 102'),
('562864', 'Faizah Hassanah', 'P', 'Solok', '1971-01-22', '(+62) 980 3145 634'),
('563109', 'Ulya Puput Pertiwi S.Pd', 'L', 'Depok', '1974-12-04', '0747 1911 460'),
('563580', 'Murti Permadi', 'P', 'Tebing Tinggi', '1991-10-26', '(+62) 855 928 439'),
('565358', 'Queen Padmasari', 'L', 'Kediri', '1985-11-23', '(+62) 653 9587 1020'),
('565820', 'Dimas Vega Saptono S.Psi', 'L', 'Tual', '2006-03-27', '(+62) 550 9360 844'),
('565986', 'Viman Langgeng Haryanto S.Pd', 'L', 'Ternate', '1987-08-14', '025 3280 017'),
('567832', 'Jais Prasetyo', 'L', 'Solok', '1984-06-27', '020 0368 9598'),
('567973', 'Lanang Prayoga', 'L', 'Cirebon', '1999-06-24', '(+62) 209 4486 1456'),
('570071', 'Uli Wahyuni', 'P', 'Pekalongan', '2000-12-25', '(+62) 819 2026 998'),
('570143', 'Anita Mardhiyah', 'P', 'Banjarmasin', '1990-07-30', '(+62) 795 0906 134'),
('570569', 'Bagas Waluyo', 'P', 'Solok', '2008-04-27', '0454 7771 411'),
('571169', 'Jati Gunarto', 'P', 'Batam', '2018-12-21', '(+62) 22 0110 431'),
('571211', 'Muni Mujur Nugroho', 'L', 'Pematangsiantar', '1998-03-29', '0472 6263 2924'),
('573113', 'Nabila Keisha Oktaviani', 'P', 'Kendari', '2016-06-25', '(+62) 29 0355 658'),
('573194', 'Drajat Hutasoit', 'L', 'Parepare', '1986-07-07', '0900 4749 8313'),
('573396', 'Daru Tampubolon', 'L', 'Yogyakarta', '1982-02-09', '0750 5300 777'),
('573803', 'Atma Bakijan Waluyo', 'P', 'Mojokerto', '1973-07-17', '0338 9052 5332'),
('574409', 'Ratna Uchita Melani M.Pd', 'P', 'Pekalongan', '2004-08-22', '0481 6393 034'),
('574668', 'Raisa Mayasari M.Farm', 'P', 'Tarakan', '1979-02-12', '(+62) 654 0234 337'),
('576283', 'Padma Bella Permata', 'P', 'Yogyakarta', '1995-01-19', '0777 5352 816'),
('576394', 'Putri Fujiati', 'P', 'Cimahi', '1976-06-16', '(+62) 832 2063 9040'),
('576704', 'Gawati Puspasari', 'P', 'Bima', '2016-02-27', '(+62) 910 4436 822'),
('576736', 'Rachel Wahyuni', 'P', 'Subulussalam', '1989-01-04', '(+62) 889 6338 679'),
('578493', 'Danuja Mansur', 'P', 'Kediri', '1989-07-11', '0289 9993 0746'),
('579603', 'Janet Silvia Yuniar', 'P', 'Pekalongan', '2004-01-05', '(+62) 756 5401 680'),
('579745', 'Gawati Safitri', 'L', 'Tidore Kepulauan', '2000-01-12', '(+62) 918 2675 949'),
('580398', 'Panji Siregar S.T.', 'L', 'Tarakan', '2004-07-26', '(+62) 816 8145 563'),
('581567', 'Latika Febi Wahyuni S.Pt', 'L', 'Samarinda', '2011-04-27', '0763 9712 424'),
('581807', 'Febi Anita Wastuti', 'L', 'Prabumulih', '2021-05-03', '(+62) 374 4959 6559'),
('582204', 'Ilyas Lazuardi S.IP', 'L', 'Bandar Lampung', '1974-04-19', '0575 6151 7535'),
('582711', 'Hari Prayoga', 'L', 'Malang', '2023-03-17', '(+62) 916 8093 9989'),
('582729', 'Nova Lestari', 'P', 'Kupang', '2007-03-13', '(+62) 666 6066 3866'),
('583097', 'Gamblang Januar', 'L', 'Langsa', '1990-06-12', '0639 7032 4811'),
('586664', 'Putri Jasmin Mardhiyah', 'L', 'Palu', '1975-07-22', '0849 707 129'),
('587594', 'Wani Elvina Halimah S.Sos', 'P', 'Jayapura', '1995-07-08', '0576 8206 288'),
('587981', 'Maimunah Rahayu', 'P', 'Binjai', '1987-10-26', '(+62) 346 5599 472'),
('588682', 'Nyoman Nugroho M.Ak', 'P', 'Tanjungbalai', '2001-07-18', '(+62) 396 6170 0224'),
('590018', 'Ibrani Permadi', 'P', 'Mojokerto', '2018-12-15', '0408 3001 838'),
('590265', 'Purwanto Habibi S.Pt', 'L', 'Lhokseumawe', '1991-06-30', '0993 6425 7180'),
('590829', 'Citra Suartini', 'P', 'Payakumbuh', '1984-04-02', '(+62) 230 5912 986'),
('590843', 'Zelaya Usyi Safitri S.T.', 'P', 'Metro', '2008-04-22', '0962 0550 7156'),
('592373', 'Daniswara Saptono', 'P', 'Bekasi', '1995-12-01', '(+62) 673 0460 2829'),
('592431', 'Talia Laksita', 'P', 'Probolinggo', '2020-12-12', '0852 457 212'),
('592591', 'Rahmat Nababan', 'P', 'Balikpapan', '2015-10-02', '(+62) 24 0990 436'),
('595660', 'Kairav Manullang S.Pt', 'P', 'Tual', '1997-08-09', '(+62) 584 3839 849'),
('596241', 'Tugiman Among Anggriawan S.E.I', 'P', 'Magelang', '1980-02-18', '(+62) 362 9851 4256'),
('597350', 'Hamima Karimah Nasyiah', 'P', 'Magelang', '1994-08-21', '(+62) 836 245 725'),
('597740', 'Maimunah Wahyuni', 'P', 'Salatiga', '1976-01-10', '0889 2883 3941'),
('599145', 'Sadina Ulya Wastuti M.Kom.', 'L', 'Pekalongan', '1972-07-17', '(+62) 235 1509 902'),
('599440', 'Wirda Kusmawati', 'P', 'Medan', '2007-10-12', '(+62) 298 3637 671'),
('600606', 'Juli Anggraini S.Farm', 'P', 'Banjarbaru', '2013-06-03', '(+62) 427 7707 2856'),
('602021', 'Janet Hariyah', 'P', 'Singkawang', '2004-01-22', '(+62) 224 5368 075'),
('602391', 'Mursinin Irnanto Prayoga', 'L', 'Sorong', '1987-09-01', '(+62) 20 4279 5130');
INSERT INTO siswa (nisn, nama_siswa, jenis_kelamin, kota, tanggal_lahir, telp_ortu) VALUES
('602708', 'Prasetya Dagel Saptono M.M.', 'P', 'Bontang', '1976-08-16', '0438 1397 4238'),
('603521', 'Nyana Bakiman Nababan S.H.', 'P', 'Yogyakarta', '1986-03-25', '(+62) 793 9185 8040'),
('604466', 'Dina Suartini', 'L', 'Bandar Lampung', '1970-03-12', '(+62) 916 4840 2315'),
('604836', 'Bakianto Jabal Prasetyo', 'L', 'Kotamobagu', '1975-08-05', '(+62) 812 940 617'),
('604879', 'Mila Kania Nasyidah S.E.', 'P', 'Probolinggo', '1983-04-30', '(+62) 28 0538 1111'),
('605988', 'Adikara Sirait', 'P', 'Tangerang', '1979-11-07', '0786 4471 6001'),
('606443', 'Gamblang Reksa Prayoga S.Pt', 'P', 'Tanjungbalai', '2003-01-26', '0967 9810 102'),
('606805', 'Vivi Laksmiwati', 'P', 'Tidore Kepulauan', '2005-10-12', '0202 1715 621'),
('607067', 'Najwa Maria Anggraini', 'L', 'Bekasi', '2015-03-24', '0853 2806 584'),
('607549', 'Prasetya Bala Prasetya S.Kom', 'P', 'Payakumbuh', '2001-04-06', '(+62) 869 3071 3254'),
('607682', 'Uchita Andriani', 'L', 'Cirebon', '2008-06-29', '(+62) 492 0208 3212'),
('608831', 'Adiarja Panca Zulkarnain', 'L', 'Lhokseumawe', '2020-09-06', '0802 9090 9337'),
('609384', 'Latika Wani Permata', 'P', 'Cimahi', '2007-01-09', '0924 9186 3607'),
('610348', 'Febi Restu Puspita', 'P', 'Bengkulu', '1998-10-16', '024 6264 8947'),
('611538', 'Saka Anggriawan', 'P', 'Padang', '2010-01-22', '0941 2996 012'),
('611729', 'Tomi Kuswoyo S.T.', 'L', 'Banjar', '2008-06-17', '(+62) 311 9660 601'),
('611842', 'Ade Bakda Megantara', 'P', 'Banjar', '1979-04-14', '(+62) 574 8567 7049'),
('612198', 'Emas Prasetya', 'L', 'Palu', '1973-05-04', '0212 2558 022'),
('612772', 'Cengkal Pradana', 'L', 'Singkawang', '1996-04-20', '0266 9368 8096'),
('613418', 'Atma Ismail Simbolon', 'P', 'Salatiga', '2021-10-07', '0520 7759 585'),
('616182', 'Yuliana Lailasari', 'L', 'Denpasar', '2000-07-12', '0652 1007 1459'),
('616836', 'Paramita Widiastuti M.TI.', 'L', 'Makassar', '1986-01-22', '(+62) 560 7093 522'),
('617019', 'Anita Utami', 'P', 'Tangerang Selatan', '1971-10-13', '0570 2089 220'),
('618165', 'Ajiman Budiman M.M.', 'P', 'Samarinda', '2014-01-10', '(+62) 426 0360 4551'),
('618197', 'Titin Ira Suryatmi M.Pd', 'P', 'Serang', '1972-01-16', '(+62) 441 8779 708'),
('618382', 'Nasim Hardiansyah S.Psi', 'P', 'Ternate', '1979-07-31', '0217 7898 209'),
('618460', 'Kezia Uyainah', 'L', 'Tarakan', '1993-11-14', '0917 3425 1171'),
('618715', 'Julia Riyanti', 'P', 'Sorong', '2010-08-14', '(+62) 246 8444 2017'),
('619533', 'Bakiman Ardianto', 'L', 'Tomohon', '1972-10-27', '0687 7283 8868'),
('620129', 'Julia Yuniar S.E.I', 'P', 'Dumai', '2003-06-14', '(+62) 27 8356 267'),
('620197', 'Ciaobella Yolanda', 'L', 'Tanjung Pinang', '1987-07-23', '(+62) 597 7064 3023'),
('620219', 'Emin Saputra', 'P', 'Padangsidempuan', '1993-06-17', '(+62) 970 1597 2623'),
('620642', 'Yuliana Wulandari', 'P', 'Bau-Bau', '1993-07-25', '0860 1462 2598'),
('621630', 'Kasiyah Laksita', 'P', 'Singkawang', '1998-06-17', '(+62) 914 8480 2905'),
('623581', 'Daniswara Virman Budiman', 'L', 'Padang', '2011-05-02', '0510 6891 848'),
('623614', 'Hasim Cemani Hardiansyah M.TI.', 'L', 'Padangsidempuan', '1999-10-03', '0258 9221 9373'),
('624555', 'Putri Pratiwi', 'L', 'Metro', '2017-09-10', '0879 8793 3148'),
('624719', 'Ibrani Warta Putra M.Farm', 'P', 'Bontang', '2001-02-03', '(+62) 23 1337 0745'),
('624990', 'Tami Yuliarti M.Kom.', 'P', 'Pekalongan', '2006-04-16', '(+62) 619 0424 366'),
('625868', 'Farhunnisa Namaga', 'L', 'Pasuruan', '2005-02-26', '(+62) 545 7062 627'),
('627193', 'Hendra Wahyudin S.E.', 'L', 'Gorontalo', '2006-11-21', '(+62) 330 6889 121'),
('627197', 'Michelle Faizah Mayasari S.Ked', 'L', 'Salatiga', '1987-03-11', '(+62) 659 5034 7099'),
('628045', 'Hamima Yuniar', 'P', 'Yogyakarta', '2006-01-10', '(+62) 325 2147 137'),
('628277', 'Kairav Darmana Kuswoyo S.Farm', 'P', 'Pekalongan', '1989-11-05', '0895 7603 244'),
('628421', 'Harimurti Prasetya', 'L', 'Langsa', '1973-12-10', '0786 4735 500'),
('630399', 'Tirta Rahman Suwarno', 'L', 'Sukabumi', '1996-12-18', '0559 3540 351'),
('630851', 'Karta Setiawan', 'P', 'Tebing Tinggi', '1978-10-30', '0978 3742 2912'),
('632718', 'Icha Oliva Laksita M.TI.', 'P', 'Bandung', '2013-10-28', '(+62) 252 9730 7394'),
('634551', 'Daruna Irnanto Ardianto', 'P', 'Pariaman', '2009-10-27', '(+62) 849 896 456'),
('635130', 'Septi Cindy Fujiati', 'P', 'Bontang', '2021-05-09', '0757 9620 9541'),
('635793', 'Simon Timbul Hutapea S.Pd', 'P', 'Bitung', '2003-11-26', '0337 8156 3481'),
('637187', 'Teguh Nugroho', 'L', 'Palopo', '2000-12-12', '(+62) 20 0130 912'),
('637312', 'Citra Purnawati', 'P', 'Mojokerto', '1990-02-08', '0427 1784 1035'),
('637592', 'Tantri Hariyah M.Farm', 'P', 'Palangka Raya', '1987-08-23', '(+62) 552 5861 6485'),
('638252', 'Gina Zulfa Halimah S.I.Kom', 'L', 'Lubuklinggau', '1987-10-26', '(+62) 418 0078 8505'),
('638432', 'Lili Riyanti', 'L', 'Salatiga', '1973-01-05', '0970 0862 264'),
('639492', 'Narji Adriansyah S.E.', 'P', 'Pasuruan', '1982-01-30', '0991 3481 235'),
('639995', 'Ulva Puspasari', 'P', 'Cirebon', '1971-08-12', '(+62) 237 2928 0846'),
('640000', 'Queen Kusmawati', 'P', 'Balikpapan', '2011-10-05', '(+62) 26 7439 193'),
('640129', 'Paramita Devi Wulandari', 'L', 'Malang', '1990-06-13', '0561 6477 014'),
('641170', 'Jasmin Purwanti', 'P', 'Bengkulu', '1998-01-01', '0248 9367 4682'),
('641313', 'Sabri Jayadi Dongoran M.M.', 'L', 'Sukabumi', '2020-03-19', '(+62) 256 6945 455'),
('642529', 'Oliva Utami', 'P', 'Tidore Kepulauan', '2016-02-11', '(+62) 370 6888 708'),
('642666', 'Olivia Anita Wahyuni', 'L', 'Pasuruan', '2020-11-14', '0663 6785 148'),
('642811', 'Dartono Digdaya Marpaung', 'P', 'Malang', '2009-07-22', '029 1709 945'),
('643586', 'Tantri Anggraini', 'L', 'Cirebon', '1975-03-31', '(+62) 802 888 531'),
('644297', 'Perkasa Kurniawan', 'L', 'Pagar Alam', '2003-12-23', '(+62) 728 8773 5705'),
('644677', 'Restu Uyainah', 'L', 'Binjai', '1978-04-25', '0848 264 824'),
('645443', 'Mulya Karja Prasetya', 'P', 'Lubuklinggau', '1995-06-19', '0500 9517 326'),
('646401', 'Olivia Ika Palastri', 'L', 'Batam', '1990-09-14', '0568 8298 146'),
('646807', 'Dadi Ramadan', 'L', 'Parepare', '2020-06-14', '0459 2656 4898'),
('648043', 'Amelia Agustina', 'P', 'Makassar', '1978-05-15', '0863 745 406'),
('648534', 'Ira Maria Rahayu S.Gz', 'L', 'Pasuruan', '2003-10-17', '(+62) 584 1792 521'),
('648670', 'Uda Abyasa Damanik S.IP', 'P', 'Probolinggo', '1984-07-15', '(+62) 675 9124 1057'),
('650247', 'Ivan Widodo', 'L', 'Denpasar', '1978-07-01', '(+62) 682 1966 3715'),
('650356', 'Aris Prayoga', 'P', 'Subulussalam', '1982-02-01', '021 1384 169'),
('651855', 'Gina Tantri Mandasari', 'P', 'Sorong', '2010-06-05', '0806 7698 1828'),
('653985', 'Ajeng Uli Mandasari S.E.', 'P', 'Tangerang Selatan', '1989-05-08', '025 7294 1301'),
('654986', 'Lala Hassanah', 'L', 'Kotamobagu', '1991-08-04', '0504 0913 937'),
('655005', 'Enteng Yahya Uwais S.Psi', 'L', 'Samarinda', '2007-11-12', '0366 0072 690'),
('655759', 'Paulin Widiastuti', 'P', 'Administrasi Jakarta Utara', '1993-09-06', '0964 1545 785'),
('655897', 'Mala Fujiati S.E.I', 'P', 'Payakumbuh', '2016-05-16', '0502 2464 737'),
('655947', 'Cahyono Bagus Hutapea S.Ked', 'P', 'Bima', '1984-09-15', '(+62) 447 9664 053'),
('656192', 'Rika Palastri', 'L', 'Samarinda', '1996-09-06', '(+62) 417 7502 9504'),
('656360', 'Gadang Wacana', 'P', 'Makassar', '2018-10-01', '0449 2788 356'),
('656833', 'Samiah Hariyah', 'L', 'Medan', '1981-11-27', '0691 3701 582'),
('657011', 'Tania Rahayu', 'L', 'Palangka Raya', '1995-10-06', '(+62) 999 0198 204'),
('657988', 'Yuni Endah Hassanah M.Kom.', 'L', 'Palangka Raya', '1986-08-12', '0818 5601 9348'),
('659379', 'Rahayu Hartati S.Ked', 'L', 'Tasikmalaya', '2020-09-06', '(+62) 500 1977 449'),
('659583', 'Azalea Lala Rahimah', 'P', 'Pekanbaru', '1974-06-06', '0906 6983 8174'),
('659954', 'Ifa Hartati', 'P', 'Pematangsiantar', '2002-12-01', '0521 4630 858'),
('661258', 'Jindra Rajasa', 'P', 'Cimahi', '2004-06-18', '0962 5563 624'),
('661481', 'Pandu Marpaung', 'L', 'Depok', '2016-06-24', '(+62) 661 8963 944'),
('662876', 'Karya Zulkarnain', 'L', 'Serang', '2006-12-25', '(+62) 689 6018 837'),
('662951', 'Karsana Santoso', 'P', 'Bima', '1988-05-13', '(+62) 224 0726 159'),
('663404', 'Radit Najib Sitorus', 'P', 'Yogyakarta', '1973-03-07', '(+62) 823 093 795'),
('664119', 'Vanya Fujiati', 'L', 'Probolinggo', '1982-05-26', '0650 7831 696'),
('664444', 'Harjaya Salahudin', 'L', 'Bukittinggi', '2000-10-14', '0911 2636 638'),
('664461', 'Maimunah Ina Rahimah', 'P', 'Bengkulu', '2001-09-28', '(+62) 397 8665 586'),
('665119', 'Tami Susanti', 'P', 'Serang', '1989-08-03', '0362 3540 079'),
('666254', 'Uchita Prastuti M.Pd', 'P', 'Tangerang Selatan', '1983-03-06', '0505 7617 3443'),
('666678', 'Kayla Eva Uyainah', 'L', 'Cilegon', '2022-01-22', '(+62) 528 0860 7655'),
('667052', 'Septi Rahmawati', 'P', 'Payakumbuh', '2011-03-02', '(+62) 768 1824 2870'),
('667959', 'Nova Nuraini', 'L', 'Palopo', '2011-02-26', '0542 7249 8462'),
('669303', 'Zahra Puspa Nasyidah S.H.', 'P', 'Tasikmalaya', '2017-09-23', '0581 5266 616'),
('669319', 'Labuh Wibowo', 'L', 'Makassar', '1985-08-21', '(+62) 932 9429 1925'),
('669354', 'Zalindra Kuswandari', 'P', 'Kupang', '2019-06-22', '(+62) 974 3798 4353'),
('670508', 'Imam Hutasoit', 'P', 'Bitung', '1979-05-29', '(+62) 642 8708 922'),
('670905', 'Marwata Hendra Waskita', 'L', 'Parepare', '1998-02-03', '0840 339 249'),
('671566', 'Cawisadi Tasdik Suwarno', 'L', 'Bau-Bau', '1993-08-16', '0892 9586 9290'),
('671707', 'Murti Jailani S.Sos', 'P', 'Tangerang Selatan', '1989-12-16', '0877 857 007'),
('672181', 'Ella Laksmiwati', 'P', 'Salatiga', '1974-12-15', '(+62) 917 6076 281'),
('672502', 'Rahayu Hariyah S.Sos', 'P', 'Pariaman', '1982-02-13', '0345 9071 683'),
('672750', 'Rahayu Azalea Puspita S.Sos', 'P', 'Jayapura', '2014-03-31', '(+62) 688 8920 6309'),
('673254', 'Gantar Sitompul', 'P', 'Banjar', '1974-08-12', '(+62) 648 6717 8532'),
('673732', 'Bajragin Hardiansyah S.Farm', 'L', 'Semarang', '1974-08-03', '(+62) 468 1787 226'),
('673992', 'Rina Sudiati', 'L', 'Kotamobagu', '1974-09-26', '(+62) 960 2486 179'),
('674255', 'Kenzie Natsir M.TI.', 'P', 'Bogor', '1987-01-05', '0669 2659 291'),
('674755', 'Garang Suryono', 'L', 'Sorong', '1982-03-20', '0749 0745 140'),
('675106', 'Warsa Waskita', 'P', 'Semarang', '1993-08-15', '0687 7796 7910'),
('675153', 'Chandra Unggul Haryanto M.M.', 'P', 'Makassar', '2021-04-20', '(+62) 846 225 576'),
('676688', 'Karimah Nurdiyanti', 'P', 'Administrasi Jakarta Timur', '2022-12-07', '(+62) 26 5735 875'),
('676727', 'Uli Shania Palastri', 'L', 'Administrasi Jakarta Utara', '1978-10-31', '(+62) 320 3385 016'),
('677190', 'Anom Wacana', 'P', 'Mojokerto', '1998-01-13', '(+62) 869 4767 425'),
('677791', 'Rika Agustina', 'P', 'Madiun', '2004-01-03', '0734 2850 3022'),
('678052', 'Winda Farida', 'P', 'Batu', '1972-07-28', '0396 4190 9836'),
('678227', 'Karen Vera Laksita M.Pd', 'L', 'Bandung', '2013-10-03', '(+62) 492 0987 0746'),
('679031', 'Najib Hardiansyah', 'P', 'Payakumbuh', '2004-01-07', '(+62) 883 531 687'),
('679199', 'Septi Nasyidah', 'P', 'Tarakan', '2015-11-14', '0799 7863 6635'),
('681894', 'Belinda Agnes Wastuti M.Ak', 'L', 'Binjai', '1973-05-12', '(+62) 670 5939 776'),
('681951', 'Nilam Usamah', 'P', 'Pasuruan', '2006-03-28', '(+62) 374 2810 318'),
('682928', 'Suci Mila Utami S.Gz', 'L', 'Kendari', '1982-09-20', '0803 8647 862'),
('683359', 'Empluk Jabal Waskita M.Pd', 'L', 'Parepare', '2023-12-10', '0410 0273 595'),
('683748', 'Prakosa Pranowo', 'P', 'Palembang', '2000-08-27', '(+62) 374 2706 7234'),
('685436', 'Sadina Hasanah', 'P', 'Gunungsitoli', '1994-09-24', '0417 9486 5133'),
('685898', 'Wira Nainggolan', 'P', 'Surabaya', '2019-10-20', '0670 7123 796'),
('686676', 'Kayun Mustofa S.Gz', 'L', 'Sukabumi', '1994-12-14', '0812 602 260'),
('687004', 'Agus Waluyo', 'L', 'Palangka Raya', '1997-10-07', '0442 9093 6187'),
('688131', 'Ika Puspasari S.Pt', 'L', 'Palangka Raya', '2003-07-24', '0468 9987 6280'),
('688320', 'Kayla Rini Winarsih', 'L', 'Pasuruan', '2002-07-02', '0298 8582 6004'),
('688559', 'Zelda Zulaika M.Kom.', 'P', 'Pekanbaru', '2018-10-24', '(+62) 580 9630 4648'),
('688589', 'Galak Wira Ardianto S.H.', 'P', 'Ternate', '1986-12-22', '(+62) 353 5213 682'),
('690294', 'Yani Mala Mayasari M.TI.', 'P', 'Pekalongan', '1985-04-10', '(+62) 899 6923 0780'),
('691263', 'Carub Prasetyo', 'L', 'Makassar', '1975-05-14', '0721 7739 285'),
('691371', 'Nasab Prabowo', 'L', 'Dumai', '2006-05-21', '0285 9697 0772'),
('693041', 'Juli Ella Rahayu S.T.', 'L', 'Ternate', '1997-09-29', '0502 7433 3945'),
('693857', 'Ellis Ika Lestari', 'L', 'Cimahi', '1978-01-12', '(+62) 237 0711 2530'),
('694524', 'Maria Novitasari', 'L', 'Semarang', '1988-01-28', '0944 7171 427'),
('695531', 'Bambang Narpati', 'L', 'Batu', '2014-07-23', '0310 6546 293'),
('695575', 'Pangeran Dimas Zulkarnain', 'L', 'Banjarmasin', '2015-09-16', '(+62) 671 3620 929'),
('697087', 'Ade Indah Permata', 'L', 'Tegal', '1995-01-12', '(+62) 454 9865 779'),
('697246', 'Luhung Waluyo', 'L', 'Sabang', '1984-05-30', '(+62) 274 6517 268'),
('697659', 'Respati Saefullah', 'P', 'Padang', '2018-07-22', '0866 8703 873'),
('698103', 'Gadang Kenes Wacana S.Pt', 'L', 'Bukittinggi', '1991-01-13', '0436 9391 5534'),
('698379', 'Panji Saputra', 'L', 'Ternate', '1993-06-04', '0765 4545 1040'),
('699301', 'Rudi Gamani Sihombing', 'L', 'Banda Aceh', '2000-12-01', '(+62) 869 3083 6939'),
('700429', 'Cici Purwanti', 'P', 'Tanjung Pinang', '2002-05-12', '0861 0381 5081'),
('700794', 'Puput Mandasari M.Farm', 'P', 'Payakumbuh', '2021-03-12', '0805 3170 612'),
('701128', 'Balidin Hartaka Kuswoyo', 'L', 'Surakarta', '1981-12-01', '(+62) 849 5911 785'),
('702094', 'Usman Tamba', 'L', 'Bitung', '1983-03-15', '(+62) 907 2402 388'),
('702416', 'Danuja Praba Narpati', 'L', 'Bima', '1984-11-18', '(+62) 563 5844 3131'),
('705268', 'Asirwanda Sitorus S.I.Kom', 'L', 'Serang', '2002-01-13', '(+62) 386 0584 466'),
('707056', 'Okta Nababan', 'L', 'Banjarbaru', '2018-12-01', '0315 6735 068'),
('707371', 'Himawan Setya Kurniawan', 'P', 'Tual', '1992-01-05', '(+62) 388 6374 2550'),
('707534', 'Cindy Wulandari', 'P', 'Surakarta', '1993-06-27', '028 4456 598'),
('708257', 'Clara Nasyidah', 'P', 'Binjai', '1985-11-28', '(+62) 488 5630 851'),
('709024', 'Saadat Hardiansyah', 'L', 'Padang', '1987-06-19', '0247 4211 2630'),
('709092', 'Cawuk Hardiansyah', 'P', 'Ternate', '1975-09-27', '0975 2136 831'),
('709562', 'Citra Jessica Mardhiyah', 'P', 'Kotamobagu', '1984-09-29', '0292 5206 731'),
('709990', 'Gasti Fujiati', 'L', 'Kotamobagu', '2000-12-15', '0625 0957 826'),
('710065', 'Hasta Putra', 'L', 'Bitung', '1997-08-05', '0535 3859 1613'),
('710248', 'Damar Gunawan', 'L', 'Langsa', '2022-09-22', '0410 9952 290'),
('711419', 'Rizki Tirtayasa Sinaga', 'P', 'Langsa', '2013-08-17', '(+62) 819 170 658'),
('711470', 'Okto Kunthara Budiman', 'L', 'Subulussalam', '2018-02-05', '0349 0916 8721'),
('711946', 'Lukman Sihombing S.Sos', 'L', 'Cirebon', '2024-01-03', '0334 8490 863'),
('713463', 'Janet Purwanti M.M.', 'L', 'Palangka Raya', '2009-02-01', '0520 3092 6587'),
('715150', 'Sari Nasyidah', 'L', 'Banjarmasin', '1979-11-14', '0913 3923 2614'),
('715527', 'Karsana Kambali Dabukke', 'P', 'Tanjung Pinang', '2007-05-12', '(+62) 264 8314 4517'),
('715563', 'Jefri Yoga Zulkarnain', 'P', 'Pekalongan', '2018-05-26', '0881 985 531'),
('716329', 'Umaya Emin Jailani S.E.', 'L', 'Parepare', '2014-03-14', '023 3488 0662'),
('716551', 'Febi Rahmawati', 'P', 'Padang', '1979-09-17', '0550 7700 951'),
('716848', 'Kania Oktaviani', 'L', 'Tanjungbalai', '1986-06-21', '(+62) 823 5873 243'),
('716987', 'Kawaya Cakrabuana Winarno', 'P', 'Bima', '1972-08-06', '0842 7507 151'),
('717199', 'Sabrina Chelsea Puspasari', 'P', 'Ternate', '2011-03-15', '(+62) 633 5430 8620'),
('717292', 'Samiah Melani', 'L', 'Bandung', '2015-07-29', '0455 8378 5654'),
('717497', 'Ade Hassanah', 'L', 'Blitar', '1974-03-14', '0902 5531 022'),
('718053', 'Nasim Mustofa', 'P', 'Cimahi', '1985-11-09', '0619 1113 0193'),
('718121', 'Unjani Nuraini', 'L', 'Blitar', '1974-02-27', '027 8210 4772'),
('718333', 'Heryanto Yusuf Dabukke S.Farm', 'P', 'Magelang', '1979-06-27', '(+62) 26 5280 7134'),
('718640', 'Cemani Situmorang', 'P', 'Ternate', '2012-10-18', '0335 2216 057'),
('718817', 'Samiah Mardhiyah', 'L', 'Bukittinggi', '1976-10-28', '(+62) 29 8599 064'),
('720593', 'Setya Hartana Prasetya', 'P', 'Jayapura', '1999-03-11', '0955 5618 881'),
('720766', 'Karimah Kania Agustina S.Kom', 'P', 'Administrasi Jakarta Barat', '1987-03-12', '0307 0498 9554'),
('721152', 'Vicky Wijayanti', 'L', 'Bengkulu', '1973-12-14', '(+62) 635 4723 9520'),
('721390', 'Qori Palastri', 'L', 'Pangkal Pinang', '2003-02-26', '(+62) 562 3281 3088'),
('721747', 'Langgeng Uwais', 'L', 'Gunungsitoli', '1998-09-22', '(+62) 242 7017 8897'),
('721962', 'Dalimin Setiawan', 'L', 'Blitar', '2023-02-19', '(+62) 21 8857 705'),
('722441', 'Cawuk Hardiansyah', 'L', 'Lubuklinggau', '2016-12-04', '0808 7801 2119'),
('722962', 'Laras Nasyiah', 'P', 'Mojokerto', '1989-11-03', '0483 3546 3605'),
('723180', 'Jaeman Wasita', 'L', 'Solok', '1979-04-17', '0766 7503 8569'),
('724513', 'Rachel Citra Hassanah', 'L', 'Ambon', '2012-04-20', '0561 1536 516'),
('724573', 'Kasim Pradipta S.E.', 'P', 'Ambon', '1995-03-09', '0933 7951 9812'),
('725154', 'Gilang Sitompul', 'L', 'Tangerang', '1982-07-29', '(+62) 771 6395 2955'),
('725245', 'Icha Titi Kusmawati', 'L', 'Langsa', '1995-09-28', '0356 6182 635'),
('725385', 'Kasiyah Titi Puspasari', 'L', 'Surakarta', '2010-11-16', '(+62) 992 2132 052'),
('725727', 'Luhung Nasab Adriansyah M.Pd', 'P', 'Metro', '1995-01-01', '0231 0680 5656'),
('726594', 'Yosef Dabukke', 'L', 'Surakarta', '2002-11-03', '0483 5829 968'),
('726742', 'Elma Permata M.Kom.', 'P', 'Administrasi Jakarta Utara', '1999-03-26', '0818 180 298'),
('727844', 'Tugiman Mustofa', 'L', 'Medan', '2024-02-20', '0282 5123 2090'),
('728063', 'Sadina Rika Mayasari', 'P', 'Sibolga', '2020-08-03', '0205 3011 119'),
('728274', 'Garang Utama Suwarno S.H.', 'P', 'Pagar Alam', '2007-02-04', '(+62) 525 0461 2894'),
('729097', 'Ami Susanti', 'L', 'Cirebon', '2001-09-05', '0897 512 734'),
('729585', 'Lili Hassanah', 'L', 'Sukabumi', '1999-11-06', '0207 5289 851'),
('731387', 'Harsanto Mahendra', 'P', 'Tarakan', '1997-12-03', '(+62) 445 0256 9991'),
('732028', 'Darmana Wasita', 'P', 'Cimahi', '1986-04-06', '0277 7864 7792'),
('734743', 'Siska Hilda Hariyah', 'P', 'Mojokerto', '1998-12-25', '0649 7916 3770'),
('735408', 'Cengkir Sirait', 'L', 'Kediri', '1980-04-05', '0854 2323 5487'),
('735618', 'Hana Nurul Namaga S.Gz', 'P', 'Probolinggo', '1987-01-28', '(+62) 735 4692 510'),
('735648', 'Martaka Dabukke S.E.I', 'P', 'Subulussalam', '1973-12-16', '(+62) 929 3610 843'),
('737962', 'Niyaga Wadi Pranowo S.Sos', 'L', 'Sukabumi', '1995-04-28', '0500 1382 258'),
('738588', 'Ana Palastri', 'P', 'Sawahlunto', '2006-02-07', '(+62) 836 2559 4017'),
('739958', 'Dian Usada', 'L', 'Palangka Raya', '1977-04-12', '0249 9120 5929'),
('740269', 'Warsita Nasim Hidayanto', 'P', 'Padang', '2021-11-15', '(+62) 234 6657 7559'),
('740451', 'Najam Saragih', 'L', 'Batu', '1983-03-27', '0730 8189 268'),
('740675', 'Galih Jasmani Permadi S.E.', 'L', 'Pariaman', '1992-08-12', '022 9049 998'),
('741979', 'Zelda Widiastuti', 'P', 'Subulussalam', '1984-05-04', '(+62) 296 5826 5159'),
('742183', 'Rahayu Kania Mulyani', 'L', 'Balikpapan', '2013-07-21', '(+62) 21 4984 8356'),
('742775', 'Almira Hartati', 'P', 'Tangerang', '1984-09-23', '0650 9073 5640'),
('744768', 'Julia Padmasari', 'L', 'Batam', '2009-08-07', '(+62) 25 6677 8202'),
('745004', 'Uchita Nova Yolanda', 'L', 'Pematangsiantar', '1972-12-26', '(+62) 778 3855 424'),
('745888', 'Soleh Mustofa Wacana S.E.', 'L', 'Administrasi Jakarta Pusat', '1973-12-29', '0531 0462 963'),
('746177', 'Uda Irfan Mandala M.M.', 'L', 'Sukabumi', '2000-09-23', '0904 3787 8567'),
('747090', 'Icha Lailasari', 'P', 'Ternate', '1979-09-27', '0791 6916 216'),
('747147', 'Nugraha Mahendra', 'L', 'Bau-Bau', '1989-01-05', '(+62) 612 9446 6968'),
('748376', 'Yulia Wijayanti', 'L', 'Pekalongan', '2020-02-07', '0479 3400 4885'),
('748877', 'Wardi Soleh Lazuardi', 'L', 'Pagar Alam', '2021-08-22', '028 3378 8915'),
('749048', 'Shania Agustina S.I.Kom', 'L', 'Parepare', '1970-10-15', '0972 4350 432'),
('749847', 'Rika Kani Farida', 'P', 'Malang', '1974-12-11', '0621 1540 391'),
('751751', 'Queen Purnawati', 'P', 'Palembang', '1980-09-10', '(+62) 878 8262 183'),
('752445', 'Digdaya Hutagalung', 'P', 'Tanjungbalai', '1987-09-27', '(+62) 549 2507 6144'),
('752980', 'Perkasa Prabowo Tamba M.Ak', 'P', 'Pasuruan', '1992-02-05', '(+62) 652 5034 324'),
('753726', 'Qori Vanya Nasyidah M.M.', 'L', 'Langsa', '2015-12-05', '(+62) 548 3482 2823'),
('754046', 'Ana Handayani', 'L', 'Cimahi', '2003-04-23', '0725 6550 9177'),
('754577', 'Luluh Hutasoit', 'P', 'Balikpapan', '1972-08-21', '(+62) 795 2973 2286'),
('755254', 'Widya Kayla Wijayanti S.Pd', 'P', 'Subulussalam', '1988-09-06', '0488 6930 606'),
('755981', 'Janet Titi Usada S.Kom', 'P', 'Pematangsiantar', '2002-03-13', '(+62) 580 0981 5387'),
('755983', 'Baktianto Hardiansyah', 'P', 'Pematangsiantar', '2018-06-20', '(+62) 531 0788 738'),
('756479', 'Taswir Mahendra', 'L', 'Banjarbaru', '2003-02-03', '0867 493 031'),
('757073', 'Bajragin Sihotang', 'L', 'Jambi', '2023-07-30', '0945 9108 6698'),
('760996', 'Elisa Winarsih', 'P', 'Bandung', '2000-01-15', '0510 3619 360'),
('761782', 'Rika Prastuti', 'L', 'Parepare', '2011-05-16', '(+62) 334 6968 2237'),
('761847', 'Luthfi Garan Firmansyah', 'P', 'Tangerang', '1999-04-01', '0570 0185 349'),
('761849', 'Oliva Fujiati', 'P', 'Blitar', '2007-02-20', '0544 0211 476'),
('762468', 'Ratna Ani Yolanda S.E.', 'P', 'Bekasi', '2018-03-28', '(+62) 957 1335 9447'),
('764650', 'Wasis Wijaya', 'L', 'Padangsidempuan', '2020-02-16', '(+62) 946 1414 543'),
('766208', 'Patricia Putri Nurdiyanti', 'P', 'Payakumbuh', '1972-05-31', '(+62) 582 1712 877'),
('766359', 'Lurhur Wijaya', 'L', 'Tebing Tinggi', '2008-02-27', '(+62) 706 8745 9425'),
('770351', 'Reza Samsul Maheswara S.H.', 'L', 'Banjarbaru', '1981-02-02', '0307 4287 595'),
('770567', 'Hasna Pratiwi', 'L', 'Sabang', '1987-01-14', '025 9796 362'),
('771063', 'Sidiq Eko Wacana S.E.I', 'L', 'Salatiga', '2017-11-14', '(+62) 360 5484 9611'),
('771292', 'Halima Permata', 'L', 'Palembang', '1994-10-03', '(+62) 286 0900 1154'),
('771399', 'Wira Balidin Pangestu M.Pd', 'P', 'Probolinggo', '1992-01-23', '0464 0420 867'),
('772445', 'Soleh Hutapea S.Pd', 'P', 'Metro', '2011-01-26', '0888 3384 735'),
('773702', 'Cemani Wibowo', 'P', 'Administrasi Jakarta Barat', '2000-09-10', '(+62) 517 7617 085'),
('774500', 'Jasmin Pudjiastuti', 'P', 'Bengkulu', '1978-04-19', '026 6275 715'),
('775922', 'Bagus Hardiansyah S.Sos', 'P', 'Bontang', '2007-12-17', '0366 6749 4709'),
('776008', 'Keisha Yuniar', 'L', 'Jayapura', '1976-04-22', '(+62) 937 8167 4470'),
('776061', 'Shania Riyanti', 'L', 'Banjarbaru', '2014-03-05', '(+62) 29 3090 4991'),
('776527', 'Sidiq Yahya Maulana S.H.', 'L', 'Sabang', '1975-01-29', '(+62) 225 2870 0480'),
('778306', 'Bagiya Irawan', 'L', 'Lubuklinggau', '2004-05-08', '(+62) 389 2469 2992'),
('778664', 'Violet Kusmawati', 'L', 'Langsa', '2008-05-09', '0300 0843 204'),
('779219', 'Karimah Septi Lestari', 'P', 'Pasuruan', '1995-02-28', '0414 7471 810'),
('779995', 'Luthfi Suryono', 'L', 'Tegal', '2019-10-30', '0847 5831 324'),
('781250', 'Caraka Anggriawan', 'P', 'Metro', '1980-11-25', '0270 7464 8957'),
('782643', 'Cakrajiya Pranowo', 'L', 'Pematangsiantar', '1986-09-17', '(+62) 938 8151 976'),
('783111', 'Tari Winarsih', 'L', 'Bukittinggi', '2020-05-14', '(+62) 805 2318 873'),
('783376', 'Luwar Sihombing', 'L', 'Pasuruan', '1997-09-07', '0254 0585 3345'),
('783475', 'Uchita Yani Handayani S.Pd', 'P', 'Administrasi Jakarta Selatan', '2002-05-30', '0795 9172 8140'),
('783817', 'Balapati Manullang', 'P', 'Batu', '2007-02-24', '(+62) 672 3393 238'),
('784421', 'Kawaya Prayitna Pangestu', 'L', 'Pematangsiantar', '2010-09-21', '(+62) 385 5937 630'),
('784893', 'Vanesa Hastuti S.H.', 'P', 'Padangpanjang', '2004-01-13', '(+62) 691 0818 621'),
('786404', 'Eva Sabrina Susanti', 'P', 'Pangkal Pinang', '1993-12-20', '(+62) 485 5476 0116'),
('786727', 'Jarwadi Narpati S.I.Kom', 'L', 'Ternate', '1980-12-03', '0519 6321 7908'),
('787744', 'Betania Uyainah', 'P', 'Padangpanjang', '1992-06-24', '(+62) 659 1746 9054'),
('788486', 'Anastasia Oktaviani', 'P', 'Administrasi Jakarta Selatan', '1995-09-08', '(+62) 688 9196 6035'),
('788853', 'Edi Jais Setiawan S.Sos', 'L', 'Semarang', '1998-01-11', '(+62) 28 1572 8360'),
('788970', 'Taufik Emas Nashiruddin S.Farm', 'P', 'Bengkulu', '1999-07-17', '0233 6206 9232'),
('789056', 'Darijan Gantar Sihotang', 'L', 'Pariaman', '1992-04-22', '0983 5440 036'),
('790317', 'Elma Zaenab Wastuti S.E.', 'P', 'Tasikmalaya', '1984-12-04', '0958 9307 6009'),
('790374', 'Karimah Fujiati', 'P', 'Tanjung Pinang', '2022-01-15', '(+62) 312 4316 2835'),
('790534', 'Rafi Haryanto S.Ked', 'L', 'Denpasar', '1979-11-01', '(+62) 416 5395 635'),
('790781', 'Kemal Nababan', 'P', 'Pariaman', '2007-10-26', '(+62) 904 0692 944'),
('791641', 'Wakiman Bakti Kuswoyo', 'L', 'Malang', '2022-09-20', '0993 3573 110'),
('792970', 'Jais Wahyudin', 'P', 'Padang', '1982-08-24', '(+62) 580 8395 053'),
('794071', 'Harjasa Saptono', 'P', 'Pontianak', '1972-12-02', '0820 8999 7475'),
('794795', 'Agnes Indah Uyainah S.E.I', 'L', 'Langsa', '1992-02-24', '0901 8334 0737'),
('794804', 'Balangga Hidayat S.T.', 'P', 'Prabumulih', '1990-03-20', '022 5095 137'),
('795288', 'Yosef Gunawan S.E.', 'L', 'Gunungsitoli', '1988-02-03', '(+62) 285 2092 4826'),
('795312', 'Diana Hastuti M.Farm', 'P', 'Tanjungbalai', '1985-11-11', '0888 770 567'),
('795639', 'Jasmani Ridwan Sitorus S.Pt', 'P', 'Banjarmasin', '2019-11-21', '0819 0033 0114'),
('796192', 'Viktor Samosir', 'P', 'Bukittinggi', '2018-04-19', '0771 3637 5684'),
('796663', 'Luluh Hidayat', 'L', 'Medan', '2011-11-15', '0274 6872 2439'),
('796685', 'Anita Prastuti', 'P', 'Sabang', '2012-08-20', '(+62) 512 3039 088'),
('797309', 'Ghaliyati Pudjiastuti', 'L', 'Tarakan', '2012-08-15', '(+62) 637 1989 5058'),
('797436', 'Saka Hidayat', 'L', 'Kendari', '1970-05-12', '(+62) 344 2369 4313'),
('797503', 'Adinata Nyoman Situmorang S.Gz', 'L', 'Pematangsiantar', '1990-10-16', '0400 3830 6715'),
('797516', 'Zizi Ika Wastuti', 'P', 'Bandung', '2023-03-14', '(+62) 343 9130 616'),
('797667', 'Mala Hastuti', 'L', 'Batam', '2013-10-30', '0295 9018 531'),
('797803', 'Jelita Pertiwi S.Pd', 'L', 'Pariaman', '1975-04-14', '0731 4874 8257'),
('798402', 'Gabriella Purwanti', 'L', 'Jambi', '1972-01-11', '027 2193 019'),
('798554', 'Virman Harjaya Mangunsong', 'P', 'Palu', '1973-04-11', '(+62) 581 8991 8616'),
('799426', 'Jabal Cengkir Latupono S.E.', 'P', 'Mojokerto', '2015-08-12', '0311 4668 329'),
('799641', 'Galih Galiono Sihombing S.T.', 'P', 'Yogyakarta', '1983-12-24', '0326 5106 004'),
('799879', 'Ilsa Purnawati', 'P', 'Bengkulu', '1982-04-22', '(+62) 514 6373 505'),
('801540', 'Raisa Yulianti', 'P', 'Sungai Penuh', '2014-01-17', '(+62) 455 8354 576'),
('802694', 'Citra Pudjiastuti', 'L', 'Batu', '1979-02-20', '0539 6649 9048'),
('802708', 'Mumpuni Widodo', 'L', 'Cilegon', '1993-12-19', '(+62) 824 090 897'),
('803640', 'Asmadi Niyaga Permadi S.Psi', 'P', 'Dumai', '1987-12-10', '0603 4603 664'),
('804093', 'Sakura Nasyiah', 'P', 'Madiun', '1980-06-14', '(+62) 538 6893 196'),
('804369', 'Narji Manullang S.Kom', 'L', 'Sibolga', '2012-03-28', '(+62) 740 2828 0255'),
('804585', 'Edison Pradana', 'L', 'Pasuruan', '1975-03-27', '0784 2272 2370'),
('804617', 'Edi Nasab Suryono S.E.', 'L', 'Magelang', '2014-07-24', '(+62) 534 1971 147'),
('804766', 'Hardi Uwais', 'L', 'Samarinda', '1972-02-02', '(+62) 978 2128 632'),
('804832', 'Irma Gabriella Mulyani M.Farm', 'L', 'Cirebon', '1983-09-13', '(+62) 21 0412 2334'),
('805316', 'Ulya Kuswandari', 'L', 'Pasuruan', '2002-04-04', '(+62) 970 5592 4155'),
('808699', 'Mala Dewi Pratiwi S.E.', 'P', 'Solok', '1981-07-24', '0203 8009 009'),
('808860', 'Opan Atmaja Mahendra', 'L', 'Tarakan', '2008-02-17', '0876 4838 5733'),
('809120', 'Jasmin Mulyani', 'L', 'Balikpapan', '1977-08-09', '(+62) 23 2110 1721'),
('809671', 'Putri Padmasari', 'P', 'Pangkal Pinang', '2002-10-15', '0475 5754 716'),
('809825', 'Fitriani Melani', 'L', 'Tual', '1976-02-11', '(+62) 23 2307 635'),
('809913', 'Diana Usamah', 'L', 'Magelang', '2015-06-16', '0308 8003 6180'),
('810686', 'Ifa Laksita S.IP', 'L', 'Payakumbuh', '1970-11-08', '(+62) 861 624 312'),
('812548', 'Puji Andriani', 'L', 'Pekanbaru', '2007-05-03', '0639 9043 273'),
('814389', 'Ikin Cahyono Narpati', 'P', 'Tanjung Pinang', '2016-09-10', '(+62) 484 9664 8325'),
('815752', 'Tri Sinaga', 'L', 'Balikpapan', '1998-02-25', '(+62) 234 3831 658'),
('816251', 'Maryanto Prasetya Kuswoyo S.E.I', 'P', 'Bengkulu', '1972-12-08', '0945 2639 621'),
('816499', 'Hairyanto Siregar', 'L', 'Tanjung Pinang', '1984-06-15', '(+62) 583 4700 1613'),
('819732', 'Hartana Timbul Sihombing', 'L', 'Gunungsitoli', '2008-09-19', '(+62) 27 7469 5833'),
('820493', 'Pranata Nainggolan', 'L', 'Dumai', '2011-04-12', '(+62) 402 6756 221'),
('820540', 'Putri Suryatmi', 'L', 'Administrasi Jakarta Timur', '2008-12-30', '0324 2686 362'),
('821077', 'Purwadi Waluyo', 'P', 'Tanjung Pinang', '2022-09-15', '0597 9571 9174'),
('821207', 'Dewi Haryanti', 'L', 'Bitung', '1996-09-19', '0460 0018 077'),
('821238', 'Cawisono Bakti Nainggolan', 'L', 'Banjarmasin', '1991-06-09', '0340 3203 2234'),
('821499', 'Koko Gunawan', 'L', 'Sukabumi', '2013-09-13', '0931 4805 5326'),
('822934', 'Galuh Prakasa', 'P', 'Tangerang', '1983-02-19', '0516 2837 415'),
('824064', 'Cakrawala Najmudin S.Ked', 'L', 'Tidore Kepulauan', '1982-03-07', '(+62) 927 4696 274'),
('824299', 'Estiono Jaya Prabowo', 'L', 'Magelang', '1977-06-17', '0815 9940 766'),
('824457', 'Kenzie Upik Mustofa', 'L', 'Sawahlunto', '2002-05-09', '(+62) 898 1223 2649'),
('825122', 'Asirwada Prasasta M.Kom.', 'P', 'Banda Aceh', '2004-04-05', '0313 4708 4966'),
('826004', 'Padma Permata', 'P', 'Tasikmalaya', '1994-05-05', '0579 9237 6916'),
('826388', 'Elma Sarah Mulyani', 'P', 'Jambi', '2004-09-05', '(+62) 779 1237 1849'),
('826399', 'Satya Irawan S.IP', 'L', 'Denpasar', '1970-01-25', '0594 7687 380'),
('826739', 'Gatra Permadi', 'P', 'Lubuklinggau', '2016-05-01', '0731 8487 458'),
('828008', 'Violet Elisa Lailasari S.Gz', 'P', 'Samarinda', '2021-05-03', '0570 4052 133'),
('828185', 'Mala Laksmiwati', 'P', 'Bontang', '2007-12-06', '(+62) 853 9583 675'),
('829255', 'Emin Narpati', 'P', 'Kendari', '2008-05-20', '0617 2885 7617'),
('829526', 'Endah Usada M.Pd', 'L', 'Magelang', '1987-03-18', '(+62) 407 6314 9034'),
('830047', 'Jarwi Saefullah', 'L', 'Salatiga', '2017-06-25', '0735 8689 0787'),
('830394', 'Galak Salahudin', 'P', 'Sabang', '1991-04-27', '0766 4936 532'),
('830496', 'Cahyadi Samosir', 'P', 'Padang', '2012-11-02', '(+62) 876 877 477'),
('830622', 'Jinawi Mangunsong', 'L', 'Sabang', '1973-11-29', '(+62) 222 9432 9891'),
('830779', 'Rina Halimah', 'P', 'Tomohon', '2011-03-27', '(+62) 265 9028 1924'),
('831257', 'Joko Nababan', 'P', 'Administrasi Jakarta Timur', '1998-03-18', '(+62) 913 2064 109'),
('832648', 'Candra Anom Haryanto', 'P', 'Denpasar', '2001-05-14', '0849 1994 883'),
('833263', 'Gadang Rajata S.I.Kom', 'P', 'Banjarmasin', '1989-08-06', '0833 5843 4502'),
('834391', 'Panji Gaman Marpaung', 'P', 'Padangsidempuan', '1983-09-02', '(+62) 763 2528 738'),
('836022', 'Jati Wibisono', 'L', 'Ambon', '2015-04-03', '(+62) 603 4033 679'),
('837510', 'Natalia Ghaliyati Anggraini', 'P', 'Depok', '1978-05-28', '(+62) 314 3345 157'),
('838888', 'Rina Utami', 'L', 'Semarang', '1990-10-31', '(+62) 203 5799 723'),
('839058', 'Bakiono Harjasa Nashiruddin S.Ked', 'P', 'Medan', '1999-11-25', '(+62) 476 8885 9676'),
('840382', 'Dariati Winarno', 'L', 'Cimahi', '2022-08-23', '(+62) 941 8526 0295'),
('840663', 'Leo Maryanto Hutasoit', 'P', 'Solok', '1990-01-28', '(+62) 692 7041 734'),
('840814', 'Langgeng Rajata', 'P', 'Gunungsitoli', '2022-02-02', '0309 1146 2196'),
('841221', 'Kunthara Prabowo', 'P', 'Jambi', '2002-08-27', '0838 0700 607'),
('841532', 'Prabawa Putra', 'L', 'Lubuklinggau', '2008-06-04', '0546 5483 667'),
('842445', 'Vero Ganep Kusumo S.Kom', 'P', 'Singkawang', '2013-07-29', '0905 2331 756'),
('843007', 'Balijan Hartaka Latupono', 'P', 'Tanjung Pinang', '1992-10-23', '0976 2116 7592'),
('844388', 'Rusman Maulana S.T.', 'L', 'Malang', '1986-01-05', '(+62) 503 7800 4187'),
('844636', 'Jasmin Zulaika', 'P', 'Pasuruan', '2014-05-01', '(+62) 300 2835 447'),
('844809', 'Endah Nuraini', 'L', 'Tangerang', '2008-02-07', '(+62) 462 9287 417'),
('845249', 'Paiman Murti Nababan S.Ked', 'L', 'Sawahlunto', '1985-05-12', '(+62) 623 9088 326'),
('845618', 'Purwadi Narpati', 'L', 'Jayapura', '1971-09-03', '(+62) 705 0420 504'),
('845807', 'Dimas Galih Firmansyah M.Kom.', 'L', 'Jayapura', '2006-01-30', '0714 0712 020'),
('847054', 'Uda Dartono Firgantoro', 'L', 'Metro', '2000-01-28', '(+62) 26 9530 8889'),
('847577', 'Uli Pudjiastuti M.Farm', 'L', 'Makassar', '2008-04-03', '0622 7055 9968'),
('847769', 'Cecep Thamrin', 'P', 'Kotamobagu', '1979-04-28', '(+62) 790 6755 3948'),
('847993', 'Endra Prasasta S.Gz', 'P', 'Gunungsitoli', '1972-03-10', '0390 2493 9283'),
('849336', 'Fathonah Rahayu S.Ked', 'L', 'Pontianak', '1981-09-12', '0675 9347 0945'),
('849784', 'Prima Dongoran', 'P', 'Administrasi Jakarta Timur', '1975-03-13', '(+62) 752 5046 1950'),
('849891', 'Dewi Laksmiwati', 'P', 'Balikpapan', '2014-11-05', '0717 6621 8479'),
('852268', 'Mutia Halimah M.M.', 'L', 'Administrasi Jakarta Barat', '1975-05-20', '021 1433 6390'),
('852272', 'Salimah Riyanti', 'P', 'Tanjungbalai', '1974-12-14', '(+62) 435 2084 6634'),
('853712', 'Prayitna Kasiran Halim', 'L', 'Tarakan', '2003-10-28', '0461 2942 7493'),
('853985', 'Heryanto Natsir', 'P', 'Sabang', '1985-12-04', '(+62) 680 1927 053'),
('855188', 'Arsipatra Situmorang', 'P', 'Tomohon', '1976-08-20', '0317 1034 3690'),
('855293', 'Dirja Putra', 'P', 'Bandar Lampung', '1993-04-01', '(+62) 654 3252 6415'),
('855915', 'Danuja Pangestu', 'L', 'Kediri', '1981-04-06', '0591 3414 635'),
('858484', 'Kayun Situmorang', 'P', 'Administrasi Jakarta Selatan', '2011-01-30', '0450 1929 617'),
('858545', 'Marsito Harsana Saputra S.I.Kom', 'P', 'Bontang', '2023-01-17', '0372 1748 140'),
('858698', 'Yoga Iswahyudi', 'L', 'Semarang', '1971-07-27', '(+62) 721 8430 252'),
('859889', 'Lukman Mulya Lazuardi S.I.Kom', 'P', 'Sibolga', '1975-08-19', '(+62) 402 3315 254'),
('860544', 'Dipa Budi Siregar S.Farm', 'L', 'Serang', '1973-10-01', '0841 1575 5423'),
('860984', 'Silvia Haryanti', 'L', 'Mataram', '2023-07-01', '0524 0091 5259'),
('861224', 'Taswir Wibisono', 'L', 'Serang', '1997-03-30', '(+62) 491 0070 0740'),
('863845', 'Mahmud Jailani', 'L', 'Lhokseumawe', '1973-05-10', '0939 2901 1853'),
('863939', 'Irnanto Habibi S.Ked', 'L', 'Palu', '1990-09-24', '(+62) 414 0352 4272'),
('864993', 'Elvina Aryani', 'L', 'Cilegon', '2003-12-29', '0349 1668 8467'),
('865504', 'Mahmud Wahyudin', 'L', 'Madiun', '2017-02-21', '(+62) 243 4742 542'),
('865562', 'Cindy Hana Pudjiastuti M.Farm', 'P', 'Bogor', '2016-03-03', '0249 8771 800'),
('867444', 'Anita Laras Wulandari M.Ak', 'P', 'Administrasi Jakarta Pusat', '1983-04-05', '0234 4031 0478'),
('867534', 'Kalim Firgantoro S.H.', 'L', 'Payakumbuh', '1994-03-18', '(+62) 474 9413 7514'),
('868048', 'Widya Farah Padmasari S.I.Kom', 'P', 'Bitung', '1992-04-27', '022 5280 764'),
('868246', 'Hamima Ina Pertiwi S.IP', 'L', 'Parepare', '2012-06-28', '(+62) 752 8980 716'),
('868364', 'Ani Wahyuni', 'L', 'Kediri', '1972-04-14', '(+62) 680 1138 0035'),
('868708', 'Viktor Raden Damanik S.Sos', 'L', 'Kotamobagu', '1970-02-08', '0672 9480 7210'),
('869848', 'Nilam Nuraini', 'P', 'Binjai', '1971-10-20', '(+62) 561 7268 146'),
('870220', 'Lantar Okto Prabowo M.Kom.', 'P', 'Bogor', '2016-08-26', '(+62) 895 420 142'),
('870827', 'Fitriani Usada', 'P', 'Malang', '1976-08-27', '(+62) 840 5149 7260'),
('871136', 'Paramita Prastuti', 'P', 'Bontang', '2012-04-30', '(+62) 902 4632 104'),
('871147', 'Banara Dirja Wibisono', 'P', 'Bitung', '2023-09-09', '0611 4129 3658'),
('873239', 'Kezia Hariyah', 'P', 'Makassar', '1987-02-07', '(+62) 352 6250 5358'),
('874790', 'Mustika Latupono', 'L', 'Solok', '1993-10-08', '(+62) 611 2885 9892'),
('874821', 'Kasusra Permadi S.I.Kom', 'L', 'Gorontalo', '2004-11-13', '0482 5958 2383'),
('875270', 'Tiara Ella Namaga', 'L', 'Langsa', '1990-06-22', '0541 5408 414'),
('875797', 'Raharja Jefri Wibowo S.Gz', 'L', 'Semarang', '1995-01-28', '0841 9929 798'),
('876032', 'Kalim Darsirah Simanjuntak S.Farm', 'L', 'Prabumulih', '2005-03-20', '(+62) 321 2507 562'),
('876124', 'Karja Tampubolon', 'L', 'Tasikmalaya', '2018-02-14', '(+62) 774 7887 1269'),
('876797', 'Kasiyah Farida S.Psi', 'P', 'Sawahlunto', '1974-01-15', '0463 5862 1299'),
('876812', 'Aris Dongoran M.M.', 'L', 'Batu', '1988-10-09', '(+62) 845 8097 932'),
('877051', 'Gamblang Wakiman Hutagalung M.Ak', 'P', 'Pematangsiantar', '2014-01-06', '(+62) 23 9394 7597'),
('877572', 'Usyi Hastuti', 'L', 'Sibolga', '1991-06-19', '0851 4821 9797'),
('877851', 'Rachel Ratih Farida M.Farm', 'P', 'Tanjungbalai', '2005-06-29', '0785 3421 9419'),
('878570', 'Cakrabirawa Gunarto S.Pd', 'P', 'Singkawang', '2016-06-24', '(+62) 763 5434 4434'),
('878922', 'Paiman Hutapea', 'P', 'Serang', '1978-02-25', '0630 5607 259'),
('880089', 'Bella Palastri', 'L', 'Surakarta', '1981-03-26', '024 6279 924'),
('880403', 'Daryani Pangeran Suwarno', 'P', 'Yogyakarta', '1991-10-10', '0586 8269 2091'),
('882910', 'Patricia Yolanda', 'P', 'Dumai', '1974-03-23', '(+62) 580 4972 5477'),
('883493', 'Harimurti Dongoran', 'L', 'Mojokerto', '1993-06-14', '0449 4483 290'),
('884068', 'Wadi Chandra Nainggolan', 'P', 'Bima', '1998-05-19', '(+62) 627 2397 0360'),
('885401', 'Yulia Pratiwi', 'L', 'Bau-Bau', '2021-09-06', '(+62) 263 5742 2151'),
('887102', 'Zalindra Hariyah', 'L', 'Binjai', '2010-10-22', '0304 1984 3448'),
('889817', 'Elisa Padmasari M.Farm', 'L', 'Pariaman', '2002-05-25', '0297 1165 242'),
('890944', 'Ade Kuswandari S.E.I', 'L', 'Cimahi', '1973-02-01', '0436 4305 3474'),
('891344', 'Hana Sarah Hassanah S.Kom', 'P', 'Palu', '1976-11-05', '(+62) 998 5326 7034'),
('892547', 'Ghaliyati Widiastuti', 'L', 'Balikpapan', '2000-03-31', '0517 5805 0204'),
('892995', 'Putu Karsana Wahyudin M.Farm', 'L', 'Padangsidempuan', '2011-08-06', '(+62) 484 9308 354'),
('893179', 'Unjani Hesti Padmasari', 'L', 'Kendari', '1975-08-26', '(+62) 725 1507 1599'),
('893189', 'Kardi Ardianto', 'P', 'Tangerang Selatan', '1989-05-19', '024 2139 8890'),
('893576', 'Rachel Melani', 'P', 'Medan', '1979-09-13', '025 6114 034'),
('894421', 'Karen Purwanti', 'L', 'Pontianak', '1990-07-10', '(+62) 513 9297 726'),
('894670', 'Zamira Lestari', 'P', 'Bengkulu', '2019-02-24', '(+62) 256 1902 0902'),
('895507', 'Bakda Hutagalung S.Ked', 'L', 'Gunungsitoli', '2007-07-19', '(+62) 459 7933 2656'),
('895834', 'Ganjaran Lulut Adriansyah S.Psi', 'P', 'Pangkal Pinang', '2017-11-01', '(+62) 228 0012 326'),
('896378', 'Ian Purwanto Suryono', 'L', 'Cirebon', '2014-08-26', '(+62) 713 0063 8471'),
('897964', 'Citra Ira Winarsih', 'L', 'Banda Aceh', '2003-06-27', '029 0211 871'),
('898655', 'Laswi Marbun', 'P', 'Magelang', '2018-11-01', '(+62) 936 1507 9854'),
('898908', 'Rachel Hasanah', 'P', 'Bekasi', '1998-06-01', '0762 8160 0722'),
('899026', 'Winda Hamima Riyanti S.Gz', 'P', 'Cimahi', '2017-03-22', '022 8240 155'),
('899090', 'Malika Dinda Hastuti M.Ak', 'L', 'Prabumulih', '2021-02-10', '0991 7111 589'),
('899237', 'Luis Wira Habibi S.IP', 'P', 'Jayapura', '2002-08-06', '0844 7597 8726'),
('899363', 'Rachel Jane Sudiati S.Sos', 'P', 'Depok', '1983-02-21', '(+62) 361 1887 7364'),
('899380', 'Vero Ardianto S.Kom', 'P', 'Tangerang', '2021-05-06', '0666 6076 3377'),
('899993', 'Sakura Hassanah', 'P', 'Batam', '1983-11-11', '(+62) 277 2924 775');

-- --------------------------------------------------------

--
-- Struktur dari tabel user
--

CREATE TABLE user (
  id char(5) NOT NULL,
  nama varchar(20) NOT NULL,
  password varchar(20) NOT NULL
);

--
-- Dumping data untuk tabel user
--

INSERT INTO user (id, nama, password) VALUES
('a1', 'aktafia', 'admin1'),
('a2', 'rani', 'admin2'),
('a3', 'arini', 'admin3');

--
-- Indexes for dumped tables
--

--
-- Indeks untuk tabel guru
--
ALTER TABLE guru
  ADD PRIMARY KEY (nip);

--
-- Indeks untuk tabel kelas
--
ALTER TABLE kelas
  ADD PRIMARY KEY (nama_kelas);

--
-- Indeks untuk tabel pelajaran
--
ALTER TABLE pelajaran
  ADD PRIMARY KEY (kode_pelajaran);

--
-- Indeks untuk tabel siswa
--
ALTER TABLE siswa
  ADD PRIMARY KEY (nisn);

--
-- Indeks untuk tabel user
--
ALTER TABLE user
  ADD PRIMARY KEY (id);
COMMIT;

/*!40101 SET CHARACTER_SET_CLIENT=@OLD_CHARACTER_SET_CLIENT */;
/*!40101 SET CHARACTER_SET_RESULTS=@OLD_CHARACTER_SET_RESULTS */;
/*!40101 SET COLLATION_CONNECTION=@OLD_COLLATION_CONNECTION */;
